bug_id,tool,python_tag,failure_type,specific_cause,stack_signature,tool_result_count,findings,statuses,representative_finding,representative_stdout,representative_stderr,example_findings
rq4-decompyle3-34887820cf0f,decompyle3,cpython-38,IndexError,constant index out of range,site-packages/decompyle3/scanners/scanner37.py:ingest <- site-packages/decompyle3/scanners/scanner37base.py:ingest <- site-packages/decompyle3/scanner.py:build_instructions <- site-packages/xdis/bytecode.py:get_instructions_bytes <- site-packages/xdis/bytecode.py:get_logical_instruction_at_offset <- site-packages/xdis/bytecode.py:get_const_info,8,8,exit_1,data/rq3/cpython-3.8/unique_bug_pyc/cpython-38-1023437964e6.pyc,data/rq4/tool_traces/cpython-38/cpython-38-1023437964e6/decompyle3.stdout.txt,data/rq4/tool_traces/cpython-38/cpython-38-1023437964e6/decompyle3.stderr.txt,data/rq3/cpython-3.8/unique_bug_pyc/cpython-38-1023437964e6.pyc;data/rq3/cpython-3.8/unique_bug_pyc/cpython-38-05df3261717a.pyc;data/rq3/cpython-3.8/unique_bug_pyc/cpython-38-428375de16b7.pyc;data/rq3/cpython-3.8/unique_bug_pyc/cpython-38-7b90ad31f7e8.pyc;data/rq3/cpython-3.8/unique_bug_pyc/cpython-38-c18f3ce00206.pyc
rq4-decompyle3-205cb50c5c0c,decompyle3,cpython-313,SIGSEGV,process crashed with signal 11,,6,6,exit_-11,data/rq3/cpython-3.13/unique_bug_pyc/cpython-313-089a998b290e.pyc,data/rq4/tool_traces/cpython-313/cpython-313-089a998b290e/decompyle3.stdout.txt,data/rq4/tool_traces/cpython-313/cpython-313-089a998b290e/decompyle3.stderr.txt,data/rq3/cpython-3.13/unique_bug_pyc/cpython-313-089a998b290e.pyc;data/rq3/cpython-3.13/unique_bug_pyc/cpython-313-437dc676a244.pyc;data/rq3/cpython-3.13/unique_bug_pyc/cpython-313-67ca27a414de.pyc;data/rq3/cpython-3.13/unique_bug_pyc/cpython-313-7c3c7040a8a0.pyc;data/rq3/cpython-3.13/unique_bug_pyc/cpython-313-8ac23cabb596.pyc
rq4-decompyle3-4f2ab4edd998,decompyle3,cpython-312,SIGSEGV,process crashed with signal 11,,4,4,exit_-11,data/rq3/cpython-3.12/unique_bug_pyc/cpython-312-2bcc6ad1f7bb.pyc,data/rq4/tool_traces/cpython-312/cpython-312-2bcc6ad1f7bb/decompyle3.stdout.txt,data/rq4/tool_traces/cpython-312/cpython-312-2bcc6ad1f7bb/decompyle3.stderr.txt,data/rq3/cpython-3.12/unique_bug_pyc/cpython-312-2bcc6ad1f7bb.pyc;data/rq3/cpython-3.12/unique_bug_pyc/cpython-312-58e8048ac5da.pyc;data/rq3/cpython-3.12/unique_bug_pyc/cpython-312-901be4fc6696.pyc;data/rq3/cpython-3.12/unique_bug_pyc/cpython-312-a121b010b70b.pyc
rq4-pylingual-78e556653975,pylingual,cpython-312,SIGSEGV,process crashed with signal 11,,4,4,exit_-11,data/rq3/cpython-3.12/unique_bug_pyc/cpython-312-2bcc6ad1f7bb.pyc,data/rq4/tool_traces/cpython-312/cpython-312-2bcc6ad1f7bb/pylingual.stdout.txt,data/rq4/tool_traces/cpython-312/cpython-312-2bcc6ad1f7bb/pylingual.stderr.txt,data/rq3/cpython-3.12/unique_bug_pyc/cpython-312-2bcc6ad1f7bb.pyc;data/rq3/cpython-3.12/unique_bug_pyc/cpython-312-58e8048ac5da.pyc;data/rq3/cpython-3.12/unique_bug_pyc/cpython-312-901be4fc6696.pyc;data/rq3/cpython-3.12/unique_bug_pyc/cpython-312-a121b010b70b.pyc
rq4-decompyle3-a414ee2fcdbb,decompyle3,cpython-38,IndexError,jump target or bytecode offset out of range,site-packages/decompyle3/semantics/make_function36.py:make_function36 <- site-packages/decompyle3/scanner.py:__init__ <- site-packages/decompyle3/scanners/scanner38.py:ingest <- site-packages/decompyle3/scanners/scanner37.py:ingest <- site-packages/decompyle3/scanners/scanner37base.py:ingest <- site-packages/decompyle3/scanner.py:get_inst,3,3,exit_1,data/rq3/cpython-3.8/unique_bug_pyc/cpython-38-172b46bc6f63.pyc,data/rq4/tool_traces/cpython-38/cpython-38-172b46bc6f63/decompyle3.stdout.txt,data/rq4/tool_traces/cpython-38/cpython-38-172b46bc6f63/decompyle3.stderr.txt,data/rq3/cpython-3.8/unique_bug_pyc/cpython-38-172b46bc6f63.pyc;data/rq3/cpython-3.8/unique_bug_pyc/cpython-38-6273a738710f.pyc;data/rq3/cpython-3.8/unique_bug_pyc/cpython-38-717ef7a927e1.pyc
rq4-pylingual-e2f199efc530,pylingual,cpython-310,SIGILL,process crashed with signal 4,,3,3,exit_-4,data/rq3/cpython-3.10/unique_bug_pyc/cpython-310-987b9fe188ce.pyc,data/rq4/tool_traces/cpython-310/cpython-310-987b9fe188ce/pylingual.stdout.txt,data/rq4/tool_traces/cpython-310/cpython-310-987b9fe188ce/pylingual.stderr.txt,data/rq3/cpython-3.10/unique_bug_pyc/cpython-310-987b9fe188ce.pyc;data/rq3/cpython-3.10/unique_bug_pyc/cpython-310-bfa4ec2fcc83.pyc;data/rq3/cpython-3.10/unique_bug_pyc/cpython-310-ed6225ecbcc3.pyc
rq4-pylingual-4cfed44c0425,pylingual,cpython-312,SIGABRT,allocator/heap abort,,3,3,exit_-6,data/rq3/cpython-3.12/unique_bug_pyc/cpython-312-413e7385bec6.pyc,data/rq4/tool_traces/cpython-312/cpython-312-413e7385bec6/pylingual.stdout.txt,data/rq4/tool_traces/cpython-312/cpython-312-413e7385bec6/pylingual.stderr.txt,data/rq3/cpython-3.12/unique_bug_pyc/cpython-312-413e7385bec6.pyc;data/rq3/cpython-3.12/unique_bug_pyc/cpython-312-6e3193687da1.pyc;data/rq3/cpython-3.12/unique_bug_pyc/cpython-312-eb581a73e180.pyc
rq4-pylingual-80ef8f93c939,pylingual,cpython-38,Timeout,did not terminate within 600s,,3,3,timeout,data/rq3/cpython-3.8/unique_bug_pyc/cpython-38-80372b990fd5.pyc,data/rq4/tool_traces/cpython-38/cpython-38-80372b990fd5/pylingual.stdout.txt,data/rq4/tool_traces/cpython-38/cpython-38-80372b990fd5/pylingual.stderr.txt,data/rq3/cpython-3.8/unique_bug_pyc/cpython-38-80372b990fd5.pyc;data/rq3/cpython-3.8/unique_bug_pyc/cpython-38-8757a6d804b7.pyc;data/rq3/cpython-3.8/unique_bug_pyc/cpython-38-ba15f27986b7.pyc
rq4-decompyle3-b21e73d9982b,decompyle3,cpython-38,AssertionError,empty message,site-packages/decompyle3/main.py:decompile_file <- site-packages/decompyle3/main.py:decompile <- site-packages/decompyle3/semantics/pysource.py:code_deparse <- site-packages/decompyle3/scanners/scanner38.py:ingest <- site-packages/decompyle3/scanners/scanner37.py:ingest <- site-packages/decompyle3/scanners/scanner37base.py:bound_collection_from_tokens,2,2,exit_1,data/rq3/cpython-3.8/unique_bug_pyc/cpython-38-6fc7c4e73992.pyc,data/rq4/tool_traces/cpython-38/cpython-38-6fc7c4e73992/decompyle3.stdout.txt,data/rq4/tool_traces/cpython-38/cpython-38-6fc7c4e73992/decompyle3.stderr.txt,data/rq3/cpython-3.8/unique_bug_pyc/cpython-38-6fc7c4e73992.pyc;data/rq3/cpython-3.8/unique_bug_pyc/cpython-38-d9e88510d3f6.pyc
rq4-decompyle3-d8259630f68d,decompyle3,cpython-38,AssertionError,empty message,site-packages/decompyle3/semantics/make_function36.py:make_function36 <- site-packages/decompyle3/scanner.py:__init__ <- site-packages/decompyle3/scanners/scanner38.py:ingest <- site-packages/decompyle3/scanners/scanner37.py:ingest <- site-packages/decompyle3/scanners/scanner37base.py:ingest <- site-packages/decompyle3/scanner.py:get_inst,2,2,exit_1,data/rq3/cpython-3.8/unique_bug_pyc/cpython-38-0e6ea9f74fdd.pyc,data/rq4/tool_traces/cpython-38/cpython-38-0e6ea9f74fdd/decompyle3.stdout.txt,data/rq4/tool_traces/cpython-38/cpython-38-0e6ea9f74fdd/decompyle3.stderr.txt,data/rq3/cpython-3.8/unique_bug_pyc/cpython-38-0e6ea9f74fdd.pyc;data/rq3/cpython-3.8/unique_bug_pyc/cpython-38-46a59a1a86c9.pyc
rq4-decompyle3-e35c258e69bb,decompyle3,cpython-38,IndexError,constant index out of range,site-packages/decompyle3/scanners/scanner38.py:ingest <- site-packages/decompyle3/scanners/scanner37.py:ingest <- site-packages/decompyle3/scanners/scanner37base.py:ingest <- site-packages/decompyle3/scanner.py:build_instructions <- site-packages/xdis/bytecode.py:get_instructions_bytes <- site-packages/xdis/bytecode.py:get_logical_instruction_at_offset,2,2,exit_1,data/rq3/cpython-3.8/unique_bug_pyc/cpython-38-3cebf488677b.pyc,data/rq4/tool_traces/cpython-38/cpython-38-3cebf488677b/decompyle3.stdout.txt,data/rq4/tool_traces/cpython-38/cpython-38-3cebf488677b/decompyle3.stderr.txt,data/rq3/cpython-3.8/unique_bug_pyc/cpython-38-3cebf488677b.pyc;data/rq3/cpython-3.8/unique_bug_pyc/cpython-38-9a9fb65de558.pyc
rq4-decompyle3-5c1bac28ece4,decompyle3,cpython-38,TypeError,argument of type 'int' is not iterable,site-packages/decompyle3/semantics/n_actions.py:n_mkfunc <- site-packages/decompyle3/semantics/make_function36.py:make_function36 <- site-packages/decompyle3/scanner.py:__init__ <- site-packages/decompyle3/scanners/scanner38.py:ingest <- site-packages/decompyle3/scanners/scanner37.py:ingest <- site-packages/decompyle3/scanners/scanner37base.py:ingest,2,2,exit_1,data/rq3/cpython-3.8/unique_bug_pyc/cpython-38-5e5346c1cf8a.pyc,data/rq4/tool_traces/cpython-38/cpython-38-5e5346c1cf8a/decompyle3.stdout.txt,data/rq4/tool_traces/cpython-38/cpython-38-5e5346c1cf8a/decompyle3.stderr.txt,data/rq3/cpython-3.8/unique_bug_pyc/cpython-38-5e5346c1cf8a.pyc;data/rq3/cpython-3.8/unique_bug_pyc/cpython-38-b0c2992e0f7d.pyc
rq4-pylingual-0d74aa1517e6,pylingual,cpython-39,SIGILL,process crashed with signal 4,,2,2,exit_-4,data/rq3/cpython-3.9/unique_bug_pyc/cpython-39-ccda63e4c86c.pyc,data/rq4/tool_traces/cpython-39/cpython-39-ccda63e4c86c/pylingual.stdout.txt,data/rq4/tool_traces/cpython-39/cpython-39-ccda63e4c86c/pylingual.stderr.txt,data/rq3/cpython-3.9/unique_bug_pyc/cpython-39-ccda63e4c86c.pyc;data/rq3/cpython-3.9/unique_bug_pyc/cpython-39-d6e24fa7ea2c.pyc
rq4-pylingual-c69a3fae2ac0,pylingual,cpython-39,Timeout,did not terminate within 600s,,2,2,timeout,data/rq3/cpython-3.9/unique_bug_pyc/cpython-39-02bda83cf25f.pyc,data/rq4/tool_traces/cpython-39/cpython-39-02bda83cf25f/pylingual.stdout.txt,data/rq4/tool_traces/cpython-39/cpython-39-02bda83cf25f/pylingual.stderr.txt,data/rq3/cpython-3.9/unique_bug_pyc/cpython-39-02bda83cf25f.pyc;data/rq3/cpython-3.9/unique_bug_pyc/cpython-39-ccfa2db55ee1.pyc
rq4-decompyle3-0ed71adf3dff,decompyle3,cpython-312,SIGABRT,allocator/heap abort,,1,1,exit_-6,data/rq3/cpython-3.12/unique_bug_pyc/cpython-312-eb581a73e180.pyc,data/rq4/tool_traces/cpython-312/cpython-312-eb581a73e180/decompyle3.stdout.txt,data/rq4/tool_traces/cpython-312/cpython-312-eb581a73e180/decompyle3.stderr.txt,data/rq3/cpython-3.12/unique_bug_pyc/cpython-312-eb581a73e180.pyc
rq4-decompyle3-8f2190c11f24,decompyle3,cpython-38,SIGABRT,fatal Python runtime error,,1,1,exit_-6,data/rq3/cpython-3.8/unique_bug_pyc/cpython-38-770a9e21632b.pyc,data/rq4/tool_traces/cpython-38/cpython-38-770a9e21632b/decompyle3.stdout.txt,data/rq4/tool_traces/cpython-38/cpython-38-770a9e21632b/decompyle3.stderr.txt,data/rq3/cpython-3.8/unique_bug_pyc/cpython-38-770a9e21632b.pyc
rq4-decompyle3-6009e4188f1c,decompyle3,cpython-38,Timeout,did not terminate within 600s,,1,1,timeout,data/rq3/cpython-3.8/unique_bug_pyc/cpython-38-74d96dc3cf62.pyc,data/rq4/tool_traces/cpython-38/cpython-38-74d96dc3cf62/decompyle3.stdout.txt,data/rq4/tool_traces/cpython-38/cpython-38-74d96dc3cf62/decompyle3.stderr.txt,data/rq3/cpython-3.8/unique_bug_pyc/cpython-38-74d96dc3cf62.pyc
rq4-decompyle3-f2c2accc5c76,decompyle3,cpython-38,TypeError,malformed marshal loader state,site-packages/xdis/load.py:load_module_from_file_object <- site-packages/xdis/unmarshal.py:load_code <- site-packages/xdis/unmarshal.py:load <- site-packages/xdis/unmarshal.py:r_object <- site-packages/xdis/unmarshal.py:t_code,1,1,exit_2,data/rq3/cpython-3.8/unique_bug_pyc/cpython-38-09cf932ac7c9.pyc,data/rq4/tool_traces/cpython-38/cpython-38-09cf932ac7c9/decompyle3.stdout.txt,data/rq4/tool_traces/cpython-38/cpython-38-09cf932ac7c9/decompyle3.stderr.txt,data/rq3/cpython-3.8/unique_bug_pyc/cpython-38-09cf932ac7c9.pyc
rq4-pylingual-ef6abb195900,pylingual,cpython-310,Timeout,did not terminate within 600s,,1,1,timeout,data/rq3/cpython-3.10/unique_bug_pyc/cpython-310-7c36e44e9194.pyc,data/rq4/tool_traces/cpython-310/cpython-310-7c36e44e9194/pylingual.stdout.txt,data/rq4/tool_traces/cpython-310/cpython-310-7c36e44e9194/pylingual.stderr.txt,data/rq3/cpython-3.10/unique_bug_pyc/cpython-310-7c36e44e9194.pyc
rq4-pylingual-08252ec6a983,pylingual,cpython-38,SIGILL,process crashed with signal 4,,1,1,exit_-4,data/rq3/cpython-3.8/unique_bug_pyc/cpython-38-ee3258669fff.pyc,data/rq4/tool_traces/cpython-38/cpython-38-ee3258669fff/pylingual.stdout.txt,data/rq4/tool_traces/cpython-38/cpython-38-ee3258669fff/pylingual.stderr.txt,data/rq3/cpython-3.8/unique_bug_pyc/cpython-38-ee3258669fff.pyc
