package,version,filename,packagetype,python_version,url,size,sha256,local_path,status,error
pygrata,,,,,https://pypi.org/pypi/pygrata/json,0,,,error,HTTPError: HTTP Error 404: Not Found
request,,,,,https://pypi.org/pypi/request/json,0,,,error,HTTPError: HTTP Error 404: Not Found
pymafka,,,,,https://pypi.org/pypi/pymafka/json,0,,,error,HTTPError: HTTP Error 404: Not Found
ctx,,,,,https://pypi.org/pypi/ctx/json,0,,,error,HTTPError: HTTP Error 404: Not Found
colourama,,,,,https://pypi.org/pypi/colourama/json,0,,,error,HTTPError: HTTP Error 404: Not Found
colourama,,,,,https://pypi.org/pypi/colourama/json,0,,,error,HTTPError: HTTP Error 404: Not Found
pygrata,,,,,https://pypi.org/pypi/pygrata/json,0,,,error,HTTPError: HTTP Error 404: Not Found
pymafka,,,,,https://pypi.org/pypi/pymafka/json,0,,,error,HTTPError: HTTP Error 404: Not Found
ctx,,,,,https://pypi.org/pypi/ctx/json,0,,,error,HTTPError: HTTP Error 404: Not Found
request,,,,,https://pypi.org/pypi/request/json,0,,,error,HTTPError: HTTP Error 404: Not Found
