failure_id,tool,python_tag,package,version,artifact,pyc_path,replay_status,load_offset,exception_type,exception_message,top_frame,stack_signature,traceback
cpython-39-marshal-clustcrdist-0.1.5-py2.py3-none-any.whl-clustcrdist-constants-modules-tcrdist-,marshal,cpython-39,clustcrdist,0.1.5,clustcrdist-0.1.5-py2.py3-none-any.whl,clustcrdist/constants/modules/tcrdist/__pycache__/tcrdist_svg_basic.cpython-39.pyc,error,,EOFError,marshal data too short,<stdin>:load_code_candidates,<stdin>:load_code_candidates,"Traceback (most recent call last):\n  File ""<stdin>"", line 27, in load_code_candidates\nEOFError: marshal data too short\n"
cpython-39-marshal-clustcrdist-0.1.5.tar.gz-clustcrdist-0.1.5-clustcrdist-constants-modules-tcrd,marshal,cpython-39,clustcrdist,0.1.5,clustcrdist-0.1.5.tar.gz,clustcrdist-0.1.5/clustcrdist/constants/modules/tcrdist/__pycache__/tcrdist_svg_basic.cpython-39.pyc,error,,EOFError,marshal data too short,<stdin>:load_code_candidates,<stdin>:load_code_candidates,"Traceback (most recent call last):\n  File ""<stdin>"", line 27, in load_code_candidates\nEOFError: marshal data too short\n"
cpython-314-dis-libmercury-0.85-py3-none-any.whl-libmercury-__pycache__-__init__.cpython-314.pyc,dis,cpython-314,libmercury,0.85,libmercury-0.85-py3-none-any.whl,libmercury/__pycache__/__init__.cpython-314.pyc,load_error,,ValueError,bad marshal data (unknown type code),<stdin>:load_code_candidates,<stdin>:load_code_candidates,"Traceback (most recent call last):\n  File ""<stdin>"", line 27, in load_code_candidates\nValueError: bad marshal data (unknown type code)\n"
cpython-314-dis-libmercury-0.85.tar.gz-libmercury-0.85-src-libmercury-__pycache__-__init__.cpyth,dis,cpython-314,libmercury,0.85,libmercury-0.85.tar.gz,libmercury-0.85/src/libmercury/__pycache__/__init__.cpython-314.pyc,load_error,,ValueError,bad marshal data (unknown type code),<stdin>:load_code_candidates,<stdin>:load_code_candidates,"Traceback (most recent call last):\n  File ""<stdin>"", line 27, in load_code_candidates\nValueError: bad marshal data (unknown type code)\n"
cpython-310-dis-rtx_deep-1.3.9-py310-none-any.whl-rtx_deep-__init__.pyc,dis,cpython-310,rtx-deep,1.3.9,rtx_deep-1.3.9-py310-none-any.whl,rtx_deep/__init__.pyc,error,16,IndexError,tuple index out of range,pythonlib/dis.py:_get_const_info,<stdin>:replay_stdlib <- pythonlib/dis.py:_get_instructions_bytes <- pythonlib/dis.py:_get_const_info,"Traceback (most recent call last):\n  File ""<stdin>"", line 54, in replay_stdlib\n  File ""/usr/lib/python3.10/dis.py"", line 338, in _get_instructions_bytes\n    argval, argrepr = _get_const_info(arg, constants)\n  File ""/usr/lib/python3.10/dis.py"", line 292, in _get_const_info\n    argval = const_list[const_index]\nIndexError: tuple index out of range\n"
cpython-310-dis-rtx_deep-1.3.9-py310-none-any.whl-rtx_deep-deploy_lib-__init__.pyc,dis,cpython-310,rtx-deep,1.3.9,rtx_deep-1.3.9-py310-none-any.whl,rtx_deep/deploy_lib/__init__.pyc,error,16,IndexError,tuple index out of range,pythonlib/dis.py:_get_const_info,<stdin>:replay_stdlib <- pythonlib/dis.py:_get_instructions_bytes <- pythonlib/dis.py:_get_const_info,"Traceback (most recent call last):\n  File ""<stdin>"", line 54, in replay_stdlib\n  File ""/usr/lib/python3.10/dis.py"", line 338, in _get_instructions_bytes\n    argval, argrepr = _get_const_info(arg, constants)\n  File ""/usr/lib/python3.10/dis.py"", line 292, in _get_const_info\n    argval = const_list[const_index]\nIndexError: tuple index out of range\n"
cpython-310-dis-rtx_deep-1.3.9-py310-none-any.whl-rtx_deep-deploy_lib-convert_trt.pyc,dis,cpython-310,rtx-deep,1.3.9,rtx_deep-1.3.9-py310-none-any.whl,rtx_deep/deploy_lib/convert_trt.pyc,error,16,IndexError,tuple index out of range,pythonlib/dis.py:_get_const_info,<stdin>:replay_stdlib <- pythonlib/dis.py:_get_instructions_bytes <- pythonlib/dis.py:_get_const_info,"Traceback (most recent call last):\n  File ""<stdin>"", line 54, in replay_stdlib\n  File ""/usr/lib/python3.10/dis.py"", line 338, in _get_instructions_bytes\n    argval, argrepr = _get_const_info(arg, constants)\n  File ""/usr/lib/python3.10/dis.py"", line 292, in _get_const_info\n    argval = const_list[const_index]\nIndexError: tuple index out of range\n"
cpython-310-dis-rtx_deep-1.3.9-py310-none-any.whl-rtx_deep-deploy_lib-converter_registry.pyc,dis,cpython-310,rtx-deep,1.3.9,rtx_deep-1.3.9-py310-none-any.whl,rtx_deep/deploy_lib/converter_registry.pyc,error,16,IndexError,tuple index out of range,pythonlib/dis.py:_get_const_info,<stdin>:replay_stdlib <- pythonlib/dis.py:_get_instructions_bytes <- pythonlib/dis.py:_get_const_info,"Traceback (most recent call last):\n  File ""<stdin>"", line 54, in replay_stdlib\n  File ""/usr/lib/python3.10/dis.py"", line 338, in _get_instructions_bytes\n    argval, argrepr = _get_const_info(arg, constants)\n  File ""/usr/lib/python3.10/dis.py"", line 292, in _get_const_info\n    argval = const_list[const_index]\nIndexError: tuple index out of range\n"
cpython-310-dis-rtx_deep-1.3.9-py310-none-any.whl-rtx_deep-deploy_lib-converter_utils.pyc,dis,cpython-310,rtx-deep,1.3.9,rtx_deep-1.3.9-py310-none-any.whl,rtx_deep/deploy_lib/converter_utils.pyc,error,16,IndexError,tuple index out of range,pythonlib/dis.py:_get_const_info,<stdin>:replay_stdlib <- pythonlib/dis.py:_get_instructions_bytes <- pythonlib/dis.py:_get_const_info,"Traceback (most recent call last):\n  File ""<stdin>"", line 54, in replay_stdlib\n  File ""/usr/lib/python3.10/dis.py"", line 338, in _get_instructions_bytes\n    argval, argrepr = _get_const_info(arg, constants)\n  File ""/usr/lib/python3.10/dis.py"", line 292, in _get_const_info\n    argval = const_list[const_index]\nIndexError: tuple index out of range\n"
cpython-310-dis-rtx_deep-1.3.9-py310-none-any.whl-rtx_deep-deploy_lib-converters-__init__.pyc,dis,cpython-310,rtx-deep,1.3.9,rtx_deep-1.3.9-py310-none-any.whl,rtx_deep/deploy_lib/converters/__init__.pyc,error,16,IndexError,tuple index out of range,pythonlib/dis.py:_get_const_info,<stdin>:replay_stdlib <- pythonlib/dis.py:_get_instructions_bytes <- pythonlib/dis.py:_get_const_info,"Traceback (most recent call last):\n  File ""<stdin>"", line 54, in replay_stdlib\n  File ""/usr/lib/python3.10/dis.py"", line 338, in _get_instructions_bytes\n    argval, argrepr = _get_const_info(arg, constants)\n  File ""/usr/lib/python3.10/dis.py"", line 292, in _get_const_info\n    argval = const_list[const_index]\nIndexError: tuple index out of range\n"
cpython-310-dis-rtx_deep-1.3.9-py310-none-any.whl-rtx_deep-deploy_lib-converters-activation.pyc,dis,cpython-310,rtx-deep,1.3.9,rtx_deep-1.3.9-py310-none-any.whl,rtx_deep/deploy_lib/converters/activation.pyc,error,16,IndexError,tuple index out of range,pythonlib/dis.py:_get_const_info,<stdin>:replay_stdlib <- pythonlib/dis.py:_get_instructions_bytes <- pythonlib/dis.py:_get_const_info,"Traceback (most recent call last):\n  File ""<stdin>"", line 54, in replay_stdlib\n  File ""/usr/lib/python3.10/dis.py"", line 338, in _get_instructions_bytes\n    argval, argrepr = _get_const_info(arg, constants)\n  File ""/usr/lib/python3.10/dis.py"", line 292, in _get_const_info\n    argval = const_list[const_index]\nIndexError: tuple index out of range\n"
cpython-310-dis-rtx_deep-1.3.9-py310-none-any.whl-rtx_deep-deploy_lib-converters-adaptive_pool.p,dis,cpython-310,rtx-deep,1.3.9,rtx_deep-1.3.9-py310-none-any.whl,rtx_deep/deploy_lib/converters/adaptive_pool.pyc,error,16,IndexError,tuple index out of range,pythonlib/dis.py:_get_const_info,<stdin>:replay_stdlib <- pythonlib/dis.py:_get_instructions_bytes <- pythonlib/dis.py:_get_const_info,"Traceback (most recent call last):\n  File ""<stdin>"", line 54, in replay_stdlib\n  File ""/usr/lib/python3.10/dis.py"", line 338, in _get_instructions_bytes\n    argval, argrepr = _get_const_info(arg, constants)\n  File ""/usr/lib/python3.10/dis.py"", line 292, in _get_const_info\n    argval = const_list[const_index]\nIndexError: tuple index out of range\n"
cpython-310-dis-rtx_deep-1.3.9-py310-none-any.whl-rtx_deep-deploy_lib-converters-convolution.pyc,dis,cpython-310,rtx-deep,1.3.9,rtx_deep-1.3.9-py310-none-any.whl,rtx_deep/deploy_lib/converters/convolution.pyc,error,16,IndexError,tuple index out of range,pythonlib/dis.py:_get_const_info,<stdin>:replay_stdlib <- pythonlib/dis.py:_get_instructions_bytes <- pythonlib/dis.py:_get_const_info,"Traceback (most recent call last):\n  File ""<stdin>"", line 54, in replay_stdlib\n  File ""/usr/lib/python3.10/dis.py"", line 338, in _get_instructions_bytes\n    argval, argrepr = _get_const_info(arg, constants)\n  File ""/usr/lib/python3.10/dis.py"", line 292, in _get_const_info\n    argval = const_list[const_index]\nIndexError: tuple index out of range\n"
cpython-310-dis-rtx_deep-1.3.9-py310-none-any.whl-rtx_deep-deploy_lib-converters-deconvolution.p,dis,cpython-310,rtx-deep,1.3.9,rtx_deep-1.3.9-py310-none-any.whl,rtx_deep/deploy_lib/converters/deconvolution.pyc,error,16,IndexError,tuple index out of range,pythonlib/dis.py:_get_const_info,<stdin>:replay_stdlib <- pythonlib/dis.py:_get_instructions_bytes <- pythonlib/dis.py:_get_const_info,"Traceback (most recent call last):\n  File ""<stdin>"", line 54, in replay_stdlib\n  File ""/usr/lib/python3.10/dis.py"", line 338, in _get_instructions_bytes\n    argval, argrepr = _get_const_info(arg, constants)\n  File ""/usr/lib/python3.10/dis.py"", line 292, in _get_const_info\n    argval = const_list[const_index]\nIndexError: tuple index out of range\n"
cpython-310-dis-rtx_deep-1.3.9-py310-none-any.whl-rtx_deep-deploy_lib-converters-fusion_op.pyc,dis,cpython-310,rtx-deep,1.3.9,rtx_deep-1.3.9-py310-none-any.whl,rtx_deep/deploy_lib/converters/fusion_op.pyc,error,16,IndexError,tuple index out of range,pythonlib/dis.py:_get_const_info,<stdin>:replay_stdlib <- pythonlib/dis.py:_get_instructions_bytes <- pythonlib/dis.py:_get_const_info,"Traceback (most recent call last):\n  File ""<stdin>"", line 54, in replay_stdlib\n  File ""/usr/lib/python3.10/dis.py"", line 338, in _get_instructions_bytes\n    argval, argrepr = _get_const_info(arg, constants)\n  File ""/usr/lib/python3.10/dis.py"", line 292, in _get_const_info\n    argval = const_list[const_index]\nIndexError: tuple index out of range\n"
cpython-310-dis-rtx_deep-1.3.9-py310-none-any.whl-rtx_deep-deploy_lib-converters-identity.pyc,dis,cpython-310,rtx-deep,1.3.9,rtx_deep-1.3.9-py310-none-any.whl,rtx_deep/deploy_lib/converters/identity.pyc,error,16,IndexError,tuple index out of range,pythonlib/dis.py:_get_const_info,<stdin>:replay_stdlib <- pythonlib/dis.py:_get_instructions_bytes <- pythonlib/dis.py:_get_const_info,"Traceback (most recent call last):\n  File ""<stdin>"", line 54, in replay_stdlib\n  File ""/usr/lib/python3.10/dis.py"", line 338, in _get_instructions_bytes\n    argval, argrepr = _get_const_info(arg, constants)\n  File ""/usr/lib/python3.10/dis.py"", line 292, in _get_const_info\n    argval = const_list[const_index]\nIndexError: tuple index out of range\n"
cpython-310-dis-rtx_deep-1.3.9-py310-none-any.whl-rtx_deep-deploy_lib-converters-interpolate.pyc,dis,cpython-310,rtx-deep,1.3.9,rtx_deep-1.3.9-py310-none-any.whl,rtx_deep/deploy_lib/converters/interpolate.pyc,error,16,IndexError,tuple index out of range,pythonlib/dis.py:_get_const_info,<stdin>:replay_stdlib <- pythonlib/dis.py:_get_instructions_bytes <- pythonlib/dis.py:_get_const_info,"Traceback (most recent call last):\n  File ""<stdin>"", line 54, in replay_stdlib\n  File ""/usr/lib/python3.10/dis.py"", line 338, in _get_instructions_bytes\n    argval, argrepr = _get_const_info(arg, constants)\n  File ""/usr/lib/python3.10/dis.py"", line 292, in _get_const_info\n    argval = const_list[const_index]\nIndexError: tuple index out of range\n"
cpython-310-dis-rtx_deep-1.3.9-py310-none-any.whl-rtx_deep-deploy_lib-converters-normalization.p,dis,cpython-310,rtx-deep,1.3.9,rtx_deep-1.3.9-py310-none-any.whl,rtx_deep/deploy_lib/converters/normalization.pyc,error,16,IndexError,tuple index out of range,pythonlib/dis.py:_get_const_info,<stdin>:replay_stdlib <- pythonlib/dis.py:_get_instructions_bytes <- pythonlib/dis.py:_get_const_info,"Traceback (most recent call last):\n  File ""<stdin>"", line 54, in replay_stdlib\n  File ""/usr/lib/python3.10/dis.py"", line 338, in _get_instructions_bytes\n    argval, argrepr = _get_const_info(arg, constants)\n  File ""/usr/lib/python3.10/dis.py"", line 292, in _get_const_info\n    argval = const_list[const_index]\nIndexError: tuple index out of range\n"
cpython-310-dis-rtx_deep-1.3.9-py310-none-any.whl-rtx_deep-deploy_lib-converters-pool.pyc,dis,cpython-310,rtx-deep,1.3.9,rtx_deep-1.3.9-py310-none-any.whl,rtx_deep/deploy_lib/converters/pool.pyc,error,16,IndexError,tuple index out of range,pythonlib/dis.py:_get_const_info,<stdin>:replay_stdlib <- pythonlib/dis.py:_get_instructions_bytes <- pythonlib/dis.py:_get_const_info,"Traceback (most recent call last):\n  File ""<stdin>"", line 54, in replay_stdlib\n  File ""/usr/lib/python3.10/dis.py"", line 338, in _get_instructions_bytes\n    argval, argrepr = _get_const_info(arg, constants)\n  File ""/usr/lib/python3.10/dis.py"", line 292, in _get_const_info\n    argval = const_list[const_index]\nIndexError: tuple index out of range\n"
cpython-310-dis-rtx_deep-1.3.9-py310-none-any.whl-rtx_deep-deploy_lib-converters-quantization.py,dis,cpython-310,rtx-deep,1.3.9,rtx_deep-1.3.9-py310-none-any.whl,rtx_deep/deploy_lib/converters/quantization.pyc,error,16,IndexError,tuple index out of range,pythonlib/dis.py:_get_const_info,<stdin>:replay_stdlib <- pythonlib/dis.py:_get_instructions_bytes <- pythonlib/dis.py:_get_const_info,"Traceback (most recent call last):\n  File ""<stdin>"", line 54, in replay_stdlib\n  File ""/usr/lib/python3.10/dis.py"", line 338, in _get_instructions_bytes\n    argval, argrepr = _get_const_info(arg, constants)\n  File ""/usr/lib/python3.10/dis.py"", line 292, in _get_const_info\n    argval = const_list[const_index]\nIndexError: tuple index out of range\n"
cpython-310-dis-rtx_deep-1.3.9-py310-none-any.whl-rtx_deep-deploy_lib-tools-__init__.pyc,dis,cpython-310,rtx-deep,1.3.9,rtx_deep-1.3.9-py310-none-any.whl,rtx_deep/deploy_lib/tools/__init__.pyc,error,16,IndexError,tuple index out of range,pythonlib/dis.py:_get_const_info,<stdin>:replay_stdlib <- pythonlib/dis.py:_get_instructions_bytes <- pythonlib/dis.py:_get_const_info,"Traceback (most recent call last):\n  File ""<stdin>"", line 54, in replay_stdlib\n  File ""/usr/lib/python3.10/dis.py"", line 338, in _get_instructions_bytes\n    argval, argrepr = _get_const_info(arg, constants)\n  File ""/usr/lib/python3.10/dis.py"", line 292, in _get_const_info\n    argval = const_list[const_index]\nIndexError: tuple index out of range\n"
cpython-310-dis-rtx_deep-1.3.9-py310-none-any.whl-rtx_deep-deploy_lib-tools-trt_module.pyc,dis,cpython-310,rtx-deep,1.3.9,rtx_deep-1.3.9-py310-none-any.whl,rtx_deep/deploy_lib/tools/trt_module.pyc,error,16,IndexError,tuple index out of range,pythonlib/dis.py:_get_const_info,<stdin>:replay_stdlib <- pythonlib/dis.py:_get_instructions_bytes <- pythonlib/dis.py:_get_const_info,"Traceback (most recent call last):\n  File ""<stdin>"", line 54, in replay_stdlib\n  File ""/usr/lib/python3.10/dis.py"", line 338, in _get_instructions_bytes\n    argval, argrepr = _get_const_info(arg, constants)\n  File ""/usr/lib/python3.10/dis.py"", line 292, in _get_const_info\n    argval = const_list[const_index]\nIndexError: tuple index out of range\n"
cpython-310-dis-rtx_deep-1.3.9-py310-none-any.whl-rtx_deep-deploy_lib-tools-types.pyc,dis,cpython-310,rtx-deep,1.3.9,rtx_deep-1.3.9-py310-none-any.whl,rtx_deep/deploy_lib/tools/types.pyc,error,16,IndexError,tuple index out of range,pythonlib/dis.py:_get_const_info,<stdin>:replay_stdlib <- pythonlib/dis.py:_get_instructions_bytes <- pythonlib/dis.py:_get_const_info,"Traceback (most recent call last):\n  File ""<stdin>"", line 54, in replay_stdlib\n  File ""/usr/lib/python3.10/dis.py"", line 338, in _get_instructions_bytes\n    argval, argrepr = _get_const_info(arg, constants)\n  File ""/usr/lib/python3.10/dis.py"", line 292, in _get_const_info\n    argval = const_list[const_index]\nIndexError: tuple index out of range\n"
cpython-310-dis-rtx_deep-1.3.9-py310-none-any.whl-rtx_deep-deploy_lib-tools-utils.pyc,dis,cpython-310,rtx-deep,1.3.9,rtx_deep-1.3.9-py310-none-any.whl,rtx_deep/deploy_lib/tools/utils.pyc,error,16,IndexError,tuple index out of range,pythonlib/dis.py:_get_const_info,<stdin>:replay_stdlib <- pythonlib/dis.py:_get_instructions_bytes <- pythonlib/dis.py:_get_const_info,"Traceback (most recent call last):\n  File ""<stdin>"", line 54, in replay_stdlib\n  File ""/usr/lib/python3.10/dis.py"", line 338, in _get_instructions_bytes\n    argval, argrepr = _get_const_info(arg, constants)\n  File ""/usr/lib/python3.10/dis.py"", line 292, in _get_const_info\n    argval = const_list[const_index]\nIndexError: tuple index out of range\n"
cpython-310-dis-rtx_deep-1.3.9-py310-none-any.whl-rtx_deep-deploy_lib-tools-vis_trt.pyc,dis,cpython-310,rtx-deep,1.3.9,rtx_deep-1.3.9-py310-none-any.whl,rtx_deep/deploy_lib/tools/vis_trt.pyc,error,16,IndexError,tuple index out of range,pythonlib/dis.py:_get_const_info,<stdin>:replay_stdlib <- pythonlib/dis.py:_get_instructions_bytes <- pythonlib/dis.py:_get_const_info,"Traceback (most recent call last):\n  File ""<stdin>"", line 54, in replay_stdlib\n  File ""/usr/lib/python3.10/dis.py"", line 338, in _get_instructions_bytes\n    argval, argrepr = _get_const_info(arg, constants)\n  File ""/usr/lib/python3.10/dis.py"", line 292, in _get_const_info\n    argval = const_list[const_index]\nIndexError: tuple index out of range\n"
cpython-310-dis-rtx_deep-1.3.9-py310-none-any.whl-rtx_deep-graph_tracer-__init__.pyc,dis,cpython-310,rtx-deep,1.3.9,rtx_deep-1.3.9-py310-none-any.whl,rtx_deep/graph_tracer/__init__.pyc,error,16,IndexError,tuple index out of range,pythonlib/dis.py:_get_const_info,<stdin>:replay_stdlib <- pythonlib/dis.py:_get_instructions_bytes <- pythonlib/dis.py:_get_const_info,"Traceback (most recent call last):\n  File ""<stdin>"", line 54, in replay_stdlib\n  File ""/usr/lib/python3.10/dis.py"", line 338, in _get_instructions_bytes\n    argval, argrepr = _get_const_info(arg, constants)\n  File ""/usr/lib/python3.10/dis.py"", line 292, in _get_const_info\n    argval = const_list[const_index]\nIndexError: tuple index out of range\n"
cpython-310-dis-rtx_deep-1.3.9-py310-none-any.whl-rtx_deep-graph_tracer-ad_trace.pyc,dis,cpython-310,rtx-deep,1.3.9,rtx_deep-1.3.9-py310-none-any.whl,rtx_deep/graph_tracer/ad_trace.pyc,error,16,IndexError,tuple index out of range,pythonlib/dis.py:_get_const_info,<stdin>:replay_stdlib <- pythonlib/dis.py:_get_instructions_bytes <- pythonlib/dis.py:_get_const_info,"Traceback (most recent call last):\n  File ""<stdin>"", line 54, in replay_stdlib\n  File ""/usr/lib/python3.10/dis.py"", line 338, in _get_instructions_bytes\n    argval, argrepr = _get_const_info(arg, constants)\n  File ""/usr/lib/python3.10/dis.py"", line 292, in _get_const_info\n    argval = const_list[const_index]\nIndexError: tuple index out of range\n"
cpython-310-dis-rtx_deep-1.3.9-py310-none-any.whl-rtx_deep-graph_tracer-ai_modules.pyc,dis,cpython-310,rtx-deep,1.3.9,rtx_deep-1.3.9-py310-none-any.whl,rtx_deep/graph_tracer/ai_modules.pyc,error,16,IndexError,tuple index out of range,pythonlib/dis.py:_get_const_info,<stdin>:replay_stdlib <- pythonlib/dis.py:_get_instructions_bytes <- pythonlib/dis.py:_get_const_info,"Traceback (most recent call last):\n  File ""<stdin>"", line 54, in replay_stdlib\n  File ""/usr/lib/python3.10/dis.py"", line 338, in _get_instructions_bytes\n    argval, argrepr = _get_const_info(arg, constants)\n  File ""/usr/lib/python3.10/dis.py"", line 292, in _get_const_info\n    argval = const_list[const_index]\nIndexError: tuple index out of range\n"
cpython-310-dis-rtx_deep-1.3.9-py310-none-any.whl-rtx_deep-graph_tracer-graph_utils.pyc,dis,cpython-310,rtx-deep,1.3.9,rtx_deep-1.3.9-py310-none-any.whl,rtx_deep/graph_tracer/graph_utils.pyc,error,16,IndexError,tuple index out of range,pythonlib/dis.py:_get_const_info,<stdin>:replay_stdlib <- pythonlib/dis.py:_get_instructions_bytes <- pythonlib/dis.py:_get_const_info,"Traceback (most recent call last):\n  File ""<stdin>"", line 54, in replay_stdlib\n  File ""/usr/lib/python3.10/dis.py"", line 338, in _get_instructions_bytes\n    argval, argrepr = _get_const_info(arg, constants)\n  File ""/usr/lib/python3.10/dis.py"", line 292, in _get_const_info\n    argval = const_list[const_index]\nIndexError: tuple index out of range\n"
cpython-310-dis-rtx_deep-1.3.9-py310-none-any.whl-rtx_deep-graph_tracer-node_profiler.pyc,dis,cpython-310,rtx-deep,1.3.9,rtx_deep-1.3.9-py310-none-any.whl,rtx_deep/graph_tracer/node_profiler.pyc,error,16,IndexError,tuple index out of range,pythonlib/dis.py:_get_const_info,<stdin>:replay_stdlib <- pythonlib/dis.py:_get_instructions_bytes <- pythonlib/dis.py:_get_const_info,"Traceback (most recent call last):\n  File ""<stdin>"", line 54, in replay_stdlib\n  File ""/usr/lib/python3.10/dis.py"", line 338, in _get_instructions_bytes\n    argval, argrepr = _get_const_info(arg, constants)\n  File ""/usr/lib/python3.10/dis.py"", line 292, in _get_const_info\n    argval = const_list[const_index]\nIndexError: tuple index out of range\n"
cpython-310-dis-rtx_deep-1.3.9-py310-none-any.whl-rtx_deep-graph_tracer-vis_model.pyc,dis,cpython-310,rtx-deep,1.3.9,rtx_deep-1.3.9-py310-none-any.whl,rtx_deep/graph_tracer/vis_model.pyc,error,16,IndexError,tuple index out of range,pythonlib/dis.py:_get_const_info,<stdin>:replay_stdlib <- pythonlib/dis.py:_get_instructions_bytes <- pythonlib/dis.py:_get_const_info,"Traceback (most recent call last):\n  File ""<stdin>"", line 54, in replay_stdlib\n  File ""/usr/lib/python3.10/dis.py"", line 338, in _get_instructions_bytes\n    argval, argrepr = _get_const_info(arg, constants)\n  File ""/usr/lib/python3.10/dis.py"", line 292, in _get_const_info\n    argval = const_list[const_index]\nIndexError: tuple index out of range\n"
cpython-310-dis-rtx_deep-1.3.9-py310-none-any.whl-rtx_deep-light_trainer-__init__.pyc,dis,cpython-310,rtx-deep,1.3.9,rtx_deep-1.3.9-py310-none-any.whl,rtx_deep/light_trainer/__init__.pyc,error,16,IndexError,tuple index out of range,pythonlib/dis.py:_get_const_info,<stdin>:replay_stdlib <- pythonlib/dis.py:_get_instructions_bytes <- pythonlib/dis.py:_get_const_info,"Traceback (most recent call last):\n  File ""<stdin>"", line 54, in replay_stdlib\n  File ""/usr/lib/python3.10/dis.py"", line 338, in _get_instructions_bytes\n    argval, argrepr = _get_const_info(arg, constants)\n  File ""/usr/lib/python3.10/dis.py"", line 292, in _get_const_info\n    argval = const_list[const_index]\nIndexError: tuple index out of range\n"
cpython-310-dis-rtx_deep-1.3.9-py310-none-any.whl-rtx_deep-light_trainer-recorder-__init__.pyc,dis,cpython-310,rtx-deep,1.3.9,rtx_deep-1.3.9-py310-none-any.whl,rtx_deep/light_trainer/recorder/__init__.pyc,error,16,IndexError,tuple index out of range,pythonlib/dis.py:_get_const_info,<stdin>:replay_stdlib <- pythonlib/dis.py:_get_instructions_bytes <- pythonlib/dis.py:_get_const_info,"Traceback (most recent call last):\n  File ""<stdin>"", line 54, in replay_stdlib\n  File ""/usr/lib/python3.10/dis.py"", line 338, in _get_instructions_bytes\n    argval, argrepr = _get_const_info(arg, constants)\n  File ""/usr/lib/python3.10/dis.py"", line 292, in _get_const_info\n    argval = const_list[const_index]\nIndexError: tuple index out of range\n"
cpython-310-dis-rtx_deep-1.3.9-py310-none-any.whl-rtx_deep-light_trainer-recorder-base_recorder.,dis,cpython-310,rtx-deep,1.3.9,rtx_deep-1.3.9-py310-none-any.whl,rtx_deep/light_trainer/recorder/base_recorder.pyc,error,16,IndexError,tuple index out of range,pythonlib/dis.py:_get_const_info,<stdin>:replay_stdlib <- pythonlib/dis.py:_get_instructions_bytes <- pythonlib/dis.py:_get_const_info,"Traceback (most recent call last):\n  File ""<stdin>"", line 54, in replay_stdlib\n  File ""/usr/lib/python3.10/dis.py"", line 338, in _get_instructions_bytes\n    argval, argrepr = _get_const_info(arg, constants)\n  File ""/usr/lib/python3.10/dis.py"", line 292, in _get_const_info\n    argval = const_list[const_index]\nIndexError: tuple index out of range\n"
cpython-310-dis-rtx_deep-1.3.9-py310-none-any.whl-rtx_deep-light_trainer-recorder-txt_recorder.p,dis,cpython-310,rtx-deep,1.3.9,rtx_deep-1.3.9-py310-none-any.whl,rtx_deep/light_trainer/recorder/txt_recorder.pyc,error,16,IndexError,tuple index out of range,pythonlib/dis.py:_get_const_info,<stdin>:replay_stdlib <- pythonlib/dis.py:_get_instructions_bytes <- pythonlib/dis.py:_get_const_info,"Traceback (most recent call last):\n  File ""<stdin>"", line 54, in replay_stdlib\n  File ""/usr/lib/python3.10/dis.py"", line 338, in _get_instructions_bytes\n    argval, argrepr = _get_const_info(arg, constants)\n  File ""/usr/lib/python3.10/dis.py"", line 292, in _get_const_info\n    argval = const_list[const_index]\nIndexError: tuple index out of range\n"
cpython-310-dis-rtx_deep-1.3.9-py310-none-any.whl-rtx_deep-light_trainer-trainer.pyc,dis,cpython-310,rtx-deep,1.3.9,rtx_deep-1.3.9-py310-none-any.whl,rtx_deep/light_trainer/trainer.pyc,error,16,IndexError,tuple index out of range,pythonlib/dis.py:_get_const_info,<stdin>:replay_stdlib <- pythonlib/dis.py:_get_instructions_bytes <- pythonlib/dis.py:_get_const_info,"Traceback (most recent call last):\n  File ""<stdin>"", line 54, in replay_stdlib\n  File ""/usr/lib/python3.10/dis.py"", line 338, in _get_instructions_bytes\n    argval, argrepr = _get_const_info(arg, constants)\n  File ""/usr/lib/python3.10/dis.py"", line 292, in _get_const_info\n    argval = const_list[const_index]\nIndexError: tuple index out of range\n"
cpython-310-dis-rtx_deep-1.3.9-py310-none-any.whl-rtx_deep-prun_lib-__init__.pyc,dis,cpython-310,rtx-deep,1.3.9,rtx_deep-1.3.9-py310-none-any.whl,rtx_deep/prun_lib/__init__.pyc,error,16,IndexError,tuple index out of range,pythonlib/dis.py:_get_const_info,<stdin>:replay_stdlib <- pythonlib/dis.py:_get_instructions_bytes <- pythonlib/dis.py:_get_const_info,"Traceback (most recent call last):\n  File ""<stdin>"", line 54, in replay_stdlib\n  File ""/usr/lib/python3.10/dis.py"", line 338, in _get_instructions_bytes\n    argval, argrepr = _get_const_info(arg, constants)\n  File ""/usr/lib/python3.10/dis.py"", line 292, in _get_const_info\n    argval = const_list[const_index]\nIndexError: tuple index out of range\n"
cpython-310-dis-rtx_deep-1.3.9-py310-none-any.whl-rtx_deep-prun_lib-mask_layer.pyc,dis,cpython-310,rtx-deep,1.3.9,rtx_deep-1.3.9-py310-none-any.whl,rtx_deep/prun_lib/mask_layer.pyc,error,16,IndexError,tuple index out of range,pythonlib/dis.py:_get_const_info,<stdin>:replay_stdlib <- pythonlib/dis.py:_get_instructions_bytes <- pythonlib/dis.py:_get_const_info,"Traceback (most recent call last):\n  File ""<stdin>"", line 54, in replay_stdlib\n  File ""/usr/lib/python3.10/dis.py"", line 338, in _get_instructions_bytes\n    argval, argrepr = _get_const_info(arg, constants)\n  File ""/usr/lib/python3.10/dis.py"", line 292, in _get_const_info\n    argval = const_list[const_index]\nIndexError: tuple index out of range\n"
cpython-310-dis-rtx_deep-1.3.9-py310-none-any.whl-rtx_deep-prun_lib-mask_utils.pyc,dis,cpython-310,rtx-deep,1.3.9,rtx_deep-1.3.9-py310-none-any.whl,rtx_deep/prun_lib/mask_utils.pyc,error,16,IndexError,tuple index out of range,pythonlib/dis.py:_get_const_info,<stdin>:replay_stdlib <- pythonlib/dis.py:_get_instructions_bytes <- pythonlib/dis.py:_get_const_info,"Traceback (most recent call last):\n  File ""<stdin>"", line 54, in replay_stdlib\n  File ""/usr/lib/python3.10/dis.py"", line 338, in _get_instructions_bytes\n    argval, argrepr = _get_const_info(arg, constants)\n  File ""/usr/lib/python3.10/dis.py"", line 292, in _get_const_info\n    argval = const_list[const_index]\nIndexError: tuple index out of range\n"
cpython-310-dis-rtx_deep-1.3.9-py310-none-any.whl-rtx_deep-quant_lib-__init__.pyc,dis,cpython-310,rtx-deep,1.3.9,rtx_deep-1.3.9-py310-none-any.whl,rtx_deep/quant_lib/__init__.pyc,error,16,IndexError,tuple index out of range,pythonlib/dis.py:_get_const_info,<stdin>:replay_stdlib <- pythonlib/dis.py:_get_instructions_bytes <- pythonlib/dis.py:_get_const_info,"Traceback (most recent call last):\n  File ""<stdin>"", line 54, in replay_stdlib\n  File ""/usr/lib/python3.10/dis.py"", line 338, in _get_instructions_bytes\n    argval, argrepr = _get_const_info(arg, constants)\n  File ""/usr/lib/python3.10/dis.py"", line 292, in _get_const_info\n    argval = const_list[const_index]\nIndexError: tuple index out of range\n"
cpython-310-dis-rtx_deep-1.3.9-py310-none-any.whl-rtx_deep-quant_lib-calib-__init__.pyc,dis,cpython-310,rtx-deep,1.3.9,rtx_deep-1.3.9-py310-none-any.whl,rtx_deep/quant_lib/calib/__init__.pyc,error,16,IndexError,tuple index out of range,pythonlib/dis.py:_get_const_info,<stdin>:replay_stdlib <- pythonlib/dis.py:_get_instructions_bytes <- pythonlib/dis.py:_get_const_info,"Traceback (most recent call last):\n  File ""<stdin>"", line 54, in replay_stdlib\n  File ""/usr/lib/python3.10/dis.py"", line 338, in _get_instructions_bytes\n    argval, argrepr = _get_const_info(arg, constants)\n  File ""/usr/lib/python3.10/dis.py"", line 292, in _get_const_info\n    argval = const_list[const_index]\nIndexError: tuple index out of range\n"
cpython-310-dis-rtx_deep-1.3.9-py310-none-any.whl-rtx_deep-quant_lib-calib-minmax_observer.pyc,dis,cpython-310,rtx-deep,1.3.9,rtx_deep-1.3.9-py310-none-any.whl,rtx_deep/quant_lib/calib/minmax_observer.pyc,error,16,IndexError,tuple index out of range,pythonlib/dis.py:_get_const_info,<stdin>:replay_stdlib <- pythonlib/dis.py:_get_instructions_bytes <- pythonlib/dis.py:_get_const_info,"Traceback (most recent call last):\n  File ""<stdin>"", line 54, in replay_stdlib\n  File ""/usr/lib/python3.10/dis.py"", line 338, in _get_instructions_bytes\n    argval, argrepr = _get_const_info(arg, constants)\n  File ""/usr/lib/python3.10/dis.py"", line 292, in _get_const_info\n    argval = const_list[const_index]\nIndexError: tuple index out of range\n"
cpython-310-dis-rtx_deep-1.3.9-py310-none-any.whl-rtx_deep-quant_lib-calib-observer_base.pyc,dis,cpython-310,rtx-deep,1.3.9,rtx_deep-1.3.9-py310-none-any.whl,rtx_deep/quant_lib/calib/observer_base.pyc,error,16,IndexError,tuple index out of range,pythonlib/dis.py:_get_const_info,<stdin>:replay_stdlib <- pythonlib/dis.py:_get_instructions_bytes <- pythonlib/dis.py:_get_const_info,"Traceback (most recent call last):\n  File ""<stdin>"", line 54, in replay_stdlib\n  File ""/usr/lib/python3.10/dis.py"", line 338, in _get_instructions_bytes\n    argval, argrepr = _get_const_info(arg, constants)\n  File ""/usr/lib/python3.10/dis.py"", line 292, in _get_const_info\n    argval = const_list[const_index]\nIndexError: tuple index out of range\n"
cpython-310-dis-rtx_deep-1.3.9-py310-none-any.whl-rtx_deep-quant_lib-fake_quantize.pyc,dis,cpython-310,rtx-deep,1.3.9,rtx_deep-1.3.9-py310-none-any.whl,rtx_deep/quant_lib/fake_quantize.pyc,error,16,IndexError,tuple index out of range,pythonlib/dis.py:_get_const_info,<stdin>:replay_stdlib <- pythonlib/dis.py:_get_instructions_bytes <- pythonlib/dis.py:_get_const_info,"Traceback (most recent call last):\n  File ""<stdin>"", line 54, in replay_stdlib\n  File ""/usr/lib/python3.10/dis.py"", line 338, in _get_instructions_bytes\n    argval, argrepr = _get_const_info(arg, constants)\n  File ""/usr/lib/python3.10/dis.py"", line 292, in _get_const_info\n    argval = const_list[const_index]\nIndexError: tuple index out of range\n"
cpython-310-dis-rtx_deep-1.3.9-py310-none-any.whl-rtx_deep-quant_lib-quant_utils.pyc,dis,cpython-310,rtx-deep,1.3.9,rtx_deep-1.3.9-py310-none-any.whl,rtx_deep/quant_lib/quant_utils.pyc,error,16,IndexError,tuple index out of range,pythonlib/dis.py:_get_const_info,<stdin>:replay_stdlib <- pythonlib/dis.py:_get_instructions_bytes <- pythonlib/dis.py:_get_const_info,"Traceback (most recent call last):\n  File ""<stdin>"", line 54, in replay_stdlib\n  File ""/usr/lib/python3.10/dis.py"", line 338, in _get_instructions_bytes\n    argval, argrepr = _get_const_info(arg, constants)\n  File ""/usr/lib/python3.10/dis.py"", line 292, in _get_const_info\n    argval = const_list[const_index]\nIndexError: tuple index out of range\n"
cpython-310-dis-rtx_deep-1.3.9-py310-none-any.whl-rtx_deep-quant_lib-quantize_nn.pyc,dis,cpython-310,rtx-deep,1.3.9,rtx_deep-1.3.9-py310-none-any.whl,rtx_deep/quant_lib/quantize_nn.pyc,error,16,IndexError,tuple index out of range,pythonlib/dis.py:_get_const_info,<stdin>:replay_stdlib <- pythonlib/dis.py:_get_instructions_bytes <- pythonlib/dis.py:_get_const_info,"Traceback (most recent call last):\n  File ""<stdin>"", line 54, in replay_stdlib\n  File ""/usr/lib/python3.10/dis.py"", line 338, in _get_instructions_bytes\n    argval, argrepr = _get_const_info(arg, constants)\n  File ""/usr/lib/python3.10/dis.py"", line 292, in _get_const_info\n    argval = const_list[const_index]\nIndexError: tuple index out of range\n"
cpython-312-dis-tkfly-0.1.0b3.tar.gz-tkfly-0.1.0b3-tkfly-_tklib-__pycache__-__init__.cpython-312,dis,cpython-312,tkfly,0.1.0b3,tkfly-0.1.0b3.tar.gz,tkfly-0.1.0b3/tkfly/_tklib/__pycache__/__init__.cpython-312.pyc,load_error,,ValueError,bad marshal data (unknown type code),<stdin>:load_code_candidates,<stdin>:load_code_candidates,"Traceback (most recent call last):\n  File ""<stdin>"", line 27, in load_code_candidates\nValueError: bad marshal data (unknown type code)\n"
