artifact,package,version,artifact_type,failed_tool_results,failed_pyc_files,tools,statuses,reason_categories,artifact_path
recycling-1.1.0.tar.gz,recycling,1.1.0,tar,150,75,decompyle3;marshal,error;exit_2,marshal_parse_failure;tool_exit,data/artifacts/pypi/recycling/1.1.0/recycling-1.1.0.tar.gz
ya-aioclient-0.6.4.tar.gz,ya-aioclient,0.6.4,tar,123,123,decompyle3,exit_2,tool_exit,data/artifacts/pypi/ya-aioclient/0.6.4/ya-aioclient-0.6.4.tar.gz
radboy-0.0.1054-py3-none-any.whl,radboy,0.0.1054,wheel,62,31,decompyle3;marshal,error;exit_2,marshal_parse_failure;tool_exit,data/artifacts/pypi/radboy/0.0.1054/radboy-0.0.1054-py3-none-any.whl
radboy-0.0.1054.tar.gz,radboy,0.0.1054,tar,62,31,decompyle3;marshal,error;exit_2,marshal_parse_failure;tool_exit,data/artifacts/pypi/radboy/0.0.1054/radboy-0.0.1054.tar.gz
clustcrdist-0.1.5-py2.py3-none-any.whl,clustcrdist,0.1.5,wheel,50,25,decompyle3;marshal,error;exit_2,marshal_parse_failure;tool_exit;tool_robustness_failure,data/artifacts/pypi/clustcrdist/0.1.5/clustcrdist-0.1.5-py2.py3-none-any.whl
clustcrdist-0.1.5.tar.gz,clustcrdist,0.1.5,tar,50,25,decompyle3;marshal,error;exit_2,marshal_parse_failure;tool_exit;tool_robustness_failure,data/artifacts/pypi/clustcrdist/0.1.5/clustcrdist-0.1.5.tar.gz
causal_test_again-0.1.67.tar.gz,causal-test-again,0.1.67,tar,48,24,decompyle3;marshal,error;exit_2,marshal_parse_failure;tool_exit,data/artifacts/pypi/causal-test-again/0.1.67/causal_test_again-0.1.67.tar.gz
rtx_deep-1.3.9-py310-none-any.whl,rtx-deep,1.3.9,wheel,42,42,dis,error,tool_robustness_failure,data/artifacts/pypi/rtx-deep/1.3.9/rtx_deep-1.3.9-py310-none-any.whl
nocturnal-1.6.0.tar.gz,nocturnal,1.6.0,tar,40,20,decompyle3;marshal,error;exit_2,marshal_parse_failure;tool_exit,data/artifacts/pypi/nocturnal/1.6.0/nocturnal-1.6.0.tar.gz
pypbem-1.1.0.tar.gz,pypbem,1.1.0,tar,38,19,decompyle3;marshal,error;exit_2,marshal_parse_failure;tool_exit,data/artifacts/pypi/pypbem/1.1.0/pypbem-1.1.0.tar.gz
moolib-0.0.9b0.tar.gz,moolib,0.0.9b0,tar,30,15,decompyle3;marshal,error;exit_2,marshal_parse_failure;tool_exit,data/artifacts/pypi/moolib/0.0.9b0/moolib-0.0.9b0.tar.gz
stadium_jams-1.1.0.tar.gz,stadium-jams,1.1.0,tar,24,12,decompyle3;marshal,error;exit_2,marshal_parse_failure;tool_exit,data/artifacts/pypi/stadium-jams/1.1.0/stadium_jams-1.1.0.tar.gz
pyhafas-0.6.1.tar.gz,pyhafas,0.6.1,tar,23,23,decompyle3,exit_2,tool_exit,data/artifacts/pypi/pyhafas/0.6.1/pyhafas-0.6.1.tar.gz
mediphy-2.2.0.tar.gz,mediphy,2.2.0,tar,22,11,decompyle3;marshal,error;exit_2,marshal_parse_failure;tool_exit,data/artifacts/pypi/mediphy/2.2.0/mediphy-2.2.0.tar.gz
verses-2.2.0.tar.gz,verses,2.2.0,tar,22,11,decompyle3;marshal,error;exit_2,marshal_parse_failure;tool_exit,data/artifacts/pypi/verses/2.2.0/verses-2.2.0.tar.gz
ramps_galactic-1.1.2.tar.gz,ramps-galactic,1.1.2,tar,16,8,decompyle3;marshal,error;exit_2,marshal_parse_failure;tool_exit,data/artifacts/pypi/ramps-galactic/1.1.2/ramps_galactic-1.1.2.tar.gz
refex-0.1.1.tar.gz,refex,0.1.1,tar,15,15,decompyle3,exit_2,tool_exit,data/artifacts/pypi/refex/0.1.1/refex-0.1.1.tar.gz
decompyle3-3.9.3.tar.gz,decompyle3,3.9.3,tar,12,12,decompyle3,exit_2,tool_exit,data/artifacts/pypi/decompyle3/3.9.3/decompyle3-3.9.3.tar.gz
neurocollage-0.3.7.tar.gz,neurocollage,0.3.7,tar,12,12,decompyle3,exit_2,tool_exit,data/artifacts/pypi/neurocollage/0.3.7/neurocollage-0.3.7.tar.gz
pytest_exploratory-0.9.1.tar.gz,pytest-exploratory,0.9.1,tar,12,12,decompyle3,exit_2,tool_exit,data/artifacts/pypi/pytest-exploratory/0.9.1/pytest_exploratory-0.9.1.tar.gz
vegan-2.6.0.tar.gz,vegan,2.6.0,tar,12,6,decompyle3;marshal,error;exit_2,marshal_parse_failure;tool_exit,data/artifacts/pypi/vegan/2.6.0/vegan-2.6.0.tar.gz
apoplast-3.0.7.tar.gz,apoplast,3.0.7,tar,10,5,decompyle3;marshal,error;exit_2,marshal_parse_failure;tool_exit,data/artifacts/pypi/apoplast/3.0.7/apoplast-3.0.7.tar.gz
euphoria-1.0.0.tar.gz,euphoria,1.0.0,tar,10,5,decompyle3;marshal,error;exit_2,marshal_parse_failure;tool_exit,data/artifacts/pypi/euphoria/1.0.0/euphoria-1.0.0.tar.gz
bestFit-0.3.tar.gz,bestfit,0.3,tar,9,9,decompyle3,exit_1;timeout,timeout;tool_robustness_failure,data/artifacts/pypi/bestfit/0.3/bestFit-0.3.tar.gz
corrfitter-8.2.tar.gz,corrfitter,8.2,tar,8,4,decompyle3;marshal,error;exit_2,marshal_parse_failure;tool_exit,data/artifacts/pypi/corrfitter/8.2/corrfitter-8.2.tar.gz
restless_dj_utils-0.2b5-py3-none-any.whl,restless-dj-utils,0.2b5,wheel,8,8,decompyle3,exit_2,tool_exit,data/artifacts/pypi/restless-dj-utils/0.2b5/restless_dj_utils-0.2b5-py3-none-any.whl
restless_dj_utils-0.2b5.tar.gz,restless-dj-utils,0.2b5,tar,8,8,decompyle3,exit_2,tool_exit,data/artifacts/pypi/restless-dj-utils/0.2b5/restless_dj_utils-0.2b5.tar.gz
SiloRider-0.2.1-py3-none-any.whl,silorider,0.2.1,wheel,6,6,decompyle3,exit_2,tool_exit,data/artifacts/pypi/silorider/0.2.1/SiloRider-0.2.1-py3-none-any.whl
SiloRider-0.2.1.tar.gz,silorider,0.2.1,tar,6,6,decompyle3,exit_2,tool_exit,data/artifacts/pypi/silorider/0.2.1/SiloRider-0.2.1.tar.gz
lifedata-0.1.1-py3-none-any.whl,lifedata,0.1.1,wheel,5,5,decompyle3,exit_2,tool_exit,data/artifacts/pypi/lifedata/0.1.1/lifedata-0.1.1-py3-none-any.whl
lifedata-0.1.1.tar.gz,lifedata,0.1.1,tar,5,5,decompyle3,exit_2,tool_exit,data/artifacts/pypi/lifedata/0.1.1/lifedata-0.1.1.tar.gz
magicinvoke-2.4.6.tar.gz,magicinvoke,2.4.6,tar,5,5,decompyle3,exit_2,tool_exit,data/artifacts/pypi/magicinvoke/2.4.6/magicinvoke-2.4.6.tar.gz
monies-0.0.2.tar.gz,monies,0.0.2,tar,4,2,decompyle3;marshal,error;exit_2,marshal_parse_failure;tool_exit,data/artifacts/pypi/monies/0.0.2/monies-0.0.2.tar.gz
poetry_kit-0.1.6.tar.gz,poetry-kit,0.1.6,tar,4,2,decompyle3;marshal,error;exit_2,marshal_parse_failure;tool_exit,data/artifacts/pypi/poetry-kit/0.1.6/poetry_kit-0.1.6.tar.gz
poetry_mix-0.1.1.tar.gz,poetry-mix,0.1.1,tar,4,2,decompyle3;marshal,error;exit_2,marshal_parse_failure;tool_exit,data/artifacts/pypi/poetry-mix/0.1.1/poetry_mix-0.1.1.tar.gz
receptors-0.0.1.tar.gz,receptors,0.0.1,tar,4,2,decompyle3;marshal,error;exit_2,marshal_parse_failure;tool_exit,data/artifacts/pypi/receptors/0.0.1/receptors-0.0.1.tar.gz
tracts-0.0.2.tar.gz,tracts,0.0.2,tar,4,2,decompyle3;marshal,error;exit_2,marshal_parse_failure;tool_exit,data/artifacts/pypi/tracts/0.0.2/tracts-0.0.2.tar.gz
transformerslocal-0.0.4.tar.gz,transformerslocal,0.0.4,tar,4,4,decompyle3,timeout,timeout,data/artifacts/pypi/transformerslocal/0.0.4/transformerslocal-0.0.4.tar.gz
trysts-0.0.2.tar.gz,trysts,0.0.2,tar,4,2,decompyle3;marshal,error;exit_2,marshal_parse_failure;tool_exit,data/artifacts/pypi/trysts/0.0.2/trysts-0.0.2.tar.gz
ventures-3.0.0.tar.gz,ventures,3.0.0,tar,4,2,decompyle3;marshal,error;exit_2,marshal_parse_failure;tool_exit,data/artifacts/pypi/ventures/3.0.0/ventures-3.0.0.tar.gz
wedding-1.0.1.tar.gz,wedding,1.0.1,tar,4,2,decompyle3;marshal,error;exit_2,marshal_parse_failure;tool_exit,data/artifacts/pypi/wedding/1.0.1/wedding-1.0.1.tar.gz
womb-1.5.0.tar.gz,womb,1.5.0,tar,4,2,decompyle3;marshal,error;exit_2,marshal_parse_failure;tool_exit,data/artifacts/pypi/womb/1.5.0/womb-1.5.0.tar.gz
flask_admin_plus-1.6.22.tar.gz,flask-admin-plus,1.6.22,tar,3,3,decompyle3,timeout,timeout,data/artifacts/pypi/flask-admin-plus/1.6.22/flask_admin_plus-1.6.22.tar.gz
GSEIM-1.4.tar.gz,gseim,1.4,tar,3,3,decompyle3,timeout,timeout,data/artifacts/pypi/gseim/1.4/GSEIM-1.4.tar.gz
GSEIMIITB-1.1.tar.gz,gseimiitb,1.1,tar,3,3,decompyle3,timeout,timeout,data/artifacts/pypi/gseimiitb/1.1/GSEIMIITB-1.1.tar.gz
magicinvoke-2.4.6-py2-none-any.whl,magicinvoke,2.4.6,wheel,3,3,decompyle3,exit_2,tool_exit,data/artifacts/pypi/magicinvoke/2.4.6/magicinvoke-2.4.6-py2-none-any.whl
neuroai-0.5.2-py3-none-any.whl,neuroai,0.5.2,wheel,3,3,decompyle3,timeout,timeout,data/artifacts/pypi/neuroai/0.5.2/neuroai-0.5.2-py3-none-any.whl
neuroai-0.5.2.tar.gz,neuroai,0.5.2,tar,3,3,decompyle3,timeout,timeout,data/artifacts/pypi/neuroai/0.5.2/neuroai-0.5.2.tar.gz
uniqgift_custom-1.0.7-py3-none-any.whl,uniqgift-custom,1.0.7,wheel,3,3,decompyle3,exit_1,tool_robustness_failure,data/artifacts/pypi/uniqgift-custom/1.0.7/uniqgift_custom-1.0.7-py3-none-any.whl
biotech-1.1.10.tar.gz,biotech,1.1.10,tar,2,1,decompyle3;marshal,error;exit_2,marshal_parse_failure;tool_exit,data/artifacts/pypi/biotech/1.1.10/biotech-1.1.10.tar.gz
datadashr-0.2.5.tar.gz,datadashr,0.2.5,tar,2,1,decompyle3;marshal,error;exit_2,marshal_parse_failure;tool_exit,data/artifacts/pypi/datadashr/0.2.5/datadashr-0.2.5.tar.gz
dovado_rtl-0.10.12.tar.gz,dovado-rtl,0.10.12,tar,2,2,decompyle3;pylingual,timeout,timeout,data/artifacts/pypi/dovado-rtl/0.10.12/dovado_rtl-0.10.12.tar.gz
factory_farm-1.2.6.tar.gz,factory-farm,1.2.6,tar,2,1,decompyle3;marshal,error;exit_2,marshal_parse_failure;tool_exit,data/artifacts/pypi/factory-farm/1.2.6/factory_farm-1.2.6.tar.gz
foam_hair-1.6.1.tar.gz,foam-hair,1.6.1,tar,2,1,decompyle3;marshal,error;exit_2,marshal_parse_failure;tool_exit,data/artifacts/pypi/foam-hair/1.6.1/foam_hair-1.6.1.tar.gz
foam_rodeo-0.0.1.tar.gz,foam-rodeo,0.0.1,tar,2,1,decompyle3;marshal,error;exit_2,marshal_parse_failure;tool_exit,data/artifacts/pypi/foam-rodeo/0.0.1/foam_rodeo-0.0.1.tar.gz
hemoglycin-2.0.0.tar.gz,hemoglycin,2.0.0,tar,2,1,decompyle3;marshal,error;exit_2,marshal_parse_failure;tool_exit,data/artifacts/pypi/hemoglycin/2.0.0/hemoglycin-2.0.0.tar.gz
myfitnesspal-2.1.2.tar.gz,myfitnesspal,2.1.2,tar,2,2,decompyle3,exit_2,tool_exit,data/artifacts/pypi/myfitnesspal/2.1.2/myfitnesspal-2.1.2.tar.gz
oumuamua-0.4.0.tar.gz,oumuamua,0.4.0,tar,2,1,decompyle3;marshal,error;exit_2,marshal_parse_failure;tool_exit,data/artifacts/pypi/oumuamua/0.4.0/oumuamua-0.4.0.tar.gz
QuanGuru-0.0.1rc19.tar.gz,quanguru,0.0.1rc19,tar,2,2,decompyle3,timeout,timeout,data/artifacts/pypi/quanguru/0.0.1rc19/QuanGuru-0.0.1rc19.tar.gz
ROSSpy-0.1.7.tar.gz,rosspy,0.1.7,tar,2,2,decompyle3,exit_2,tool_exit,data/artifacts/pypi/rosspy/0.1.7/ROSSpy-0.1.7.tar.gz
tholin-1.0.0.tar.gz,tholin,1.0.0,tar,2,1,decompyle3;marshal,error;exit_2,marshal_parse_failure;tool_exit,data/artifacts/pypi/tholin/1.0.0/tholin-1.0.0.tar.gz
vitis-quantizer-0.1.3.tar.gz,vitis-quantizer,0.1.3,tar,2,2,decompyle3,exit_2,tool_exit,data/artifacts/pypi/vitis-quantizer/0.1.3/vitis-quantizer-0.1.3.tar.gz
aimmocore-0.1.15-py3-none-any.whl,aimmocore,0.1.15,wheel,1,1,decompyle3,exit_1,tool_robustness_failure,data/artifacts/pypi/aimmocore/0.1.15/aimmocore-0.1.15-py3-none-any.whl
aimmocore-0.1.15.tar.gz,aimmocore,0.1.15,tar,1,1,decompyle3,exit_1,tool_robustness_failure,data/artifacts/pypi/aimmocore/0.1.15/aimmocore-0.1.15.tar.gz
aioinstagrapi-1.1.21-py3-none-any.whl,aioinstagrapi,1.1.21,wheel,1,1,decompyle3,exit_1,tool_robustness_failure,data/artifacts/pypi/aioinstagrapi/1.1.21/aioinstagrapi-1.1.21-py3-none-any.whl
aioinstagrapi-1.1.21.tar.gz,aioinstagrapi,1.1.21,tar,1,1,decompyle3,exit_1,tool_robustness_failure,data/artifacts/pypi/aioinstagrapi/1.1.21/aioinstagrapi-1.1.21.tar.gz
assignment-autograder-3.7.6.tar.gz,assignment-autograder,3.7.6,tar,1,1,decompyle3,exit_1,tool_robustness_failure,data/artifacts/pypi/assignment-autograder/3.7.6/assignment-autograder-3.7.6.tar.gz
astromorphlib-1.0.13-py3-none-any.whl,astromorphlib,1.0.13,wheel,1,1,decompyle3,timeout,timeout,data/artifacts/pypi/astromorphlib/1.0.13/astromorphlib-1.0.13-py3-none-any.whl
astromorphlib-1.0.13.tar.gz,astromorphlib,1.0.13,tar,1,1,decompyle3,timeout,timeout,data/artifacts/pypi/astromorphlib/1.0.13/astromorphlib-1.0.13.tar.gz
autograder-3.7.7.tar.gz,autograder,3.7.7,tar,1,1,decompyle3,exit_1,tool_robustness_failure,data/artifacts/pypi/autograder/3.7.7/autograder-3.7.7.tar.gz
cbapi-patched-1.7.5.linux-x86_64.tar.gz,cbapi-patched,1.7.5,tar,1,1,decompyle3,timeout,timeout,data/artifacts/pypi/cbapi-patched/1.7.5/cbapi-patched-1.7.5.linux-x86_64.tar.gz
delphai_search_utils-0.2.1.tar.gz,delphai-search-utils,0.2.1,tar,1,1,decompyle3,exit_2,tool_exit,data/artifacts/pypi/delphai-search-utils/0.2.1/delphai_search_utils-0.2.1.tar.gz
django_connectwise-1.20.0-py3-none-any.whl,django-connectwise,1.20.0,wheel,1,1,decompyle3,exit_1,tool_robustness_failure,data/artifacts/pypi/django-connectwise/1.20.0/django_connectwise-1.20.0-py3-none-any.whl
flasgger-0.9.7.1.tar.gz,flasgger,0.9.7.1,tar,1,1,decompyle3,exit_2,tool_exit,data/artifacts/pypi/flasgger/0.9.7.1/flasgger-0.9.7.1.tar.gz
gluoncv2-0.0.64.linux-x86_64.tar.gz,gluoncv2,0.0.64,tar,1,1,decompyle3,timeout,timeout,data/artifacts/pypi/gluoncv2/0.0.64/gluoncv2-0.0.64.linux-x86_64.tar.gz
investment-0.2.17-py3-none-any.whl,investment,0.2.17,wheel,1,1,decompyle3,timeout,timeout,data/artifacts/pypi/investment/0.2.17/investment-0.2.17-py3-none-any.whl
jembe-0.3.15-py3-none-any.whl,jembe,0.3.15,wheel,1,1,decompyle3,exit_1,tool_robustness_failure,data/artifacts/pypi/jembe/0.3.15/jembe-0.3.15-py3-none-any.whl
jembe-0.3.15.tar.gz,jembe,0.3.15,tar,1,1,decompyle3,exit_1,tool_robustness_failure,data/artifacts/pypi/jembe/0.3.15/jembe-0.3.15.tar.gz
libmercury-0.85-py3-none-any.whl,libmercury,0.85,wheel,1,1,dis,error,tool_robustness_failure,data/artifacts/pypi/libmercury/0.85/libmercury-0.85-py3-none-any.whl
libmercury-0.85.tar.gz,libmercury,0.85,tar,1,1,dis,error,tool_robustness_failure,data/artifacts/pypi/libmercury/0.85/libmercury-0.85.tar.gz
moto-improved-cognitoidentity-1.3.tar.gz,moto-improved-cognitoidentity,1.3,tar,1,1,decompyle3,timeout,timeout,data/artifacts/pypi/moto-improved-cognitoidentity/1.3/moto-improved-cognitoidentity-1.3.tar.gz
mqc-2.0.2-py3-none-any.whl,mqc,2.0.2,wheel,1,1,decompyle3,exit_1,tool_robustness_failure,data/artifacts/pypi/mqc/2.0.2/mqc-2.0.2-py3-none-any.whl
mqc-2.0.2.tar.gz,mqc,2.0.2,tar,1,1,decompyle3,exit_1,tool_robustness_failure,data/artifacts/pypi/mqc/2.0.2/mqc-2.0.2.tar.gz
multiqc_vlad-1.30.dev20250821143134-py3-none-any.whl,multiqc-vlad,1.30.dev20250821143134,wheel,1,1,decompyle3,exit_1,tool_robustness_failure,data/artifacts/pypi/multiqc-vlad/1.30.dev20250821143134/multiqc_vlad-1.30.dev20250821143134-py3-none-any.whl
multiqc_vlad-1.30.dev20250821143134.tar.gz,multiqc-vlad,1.30.dev20250821143134,tar,1,1,decompyle3,exit_1,tool_robustness_failure,data/artifacts/pypi/multiqc-vlad/1.30.dev20250821143134/multiqc_vlad-1.30.dev20250821143134.tar.gz
mwahpy-2.1.5-py3-none-any.whl,mwahpy,2.1.5,wheel,1,1,decompyle3,exit_1,tool_robustness_failure,data/artifacts/pypi/mwahpy/2.1.5/mwahpy-2.1.5-py3-none-any.whl
new-flask-app-1.0.4.tar.gz,new-flask-app,1.0.4,tar,1,1,decompyle3,exit_2,tool_exit,data/artifacts/pypi/new-flask-app/1.0.4/new-flask-app-1.0.4.tar.gz
new_flask_app-1.0.4-py3-none-any.whl,new-flask-app,1.0.4,wheel,1,1,decompyle3,exit_2,tool_exit,data/artifacts/pypi/new-flask-app/1.0.4/new_flask_app-1.0.4-py3-none-any.whl
pobm-1.2.0.tar.gz,pobm,1.2.0,tar,1,1,decompyle3,exit_1,tool_robustness_failure,data/artifacts/pypi/pobm/1.2.0/pobm-1.2.0.tar.gz
pyChiaLogProcessor-0.0.13-py3-none-any.whl,pychialogprocessor,0.0.13,wheel,1,1,decompyle3,exit_2,tool_exit,data/artifacts/pypi/pychialogprocessor/0.0.13/pyChiaLogProcessor-0.0.13-py3-none-any.whl
pyChiaLogProcessor-0.0.13.tar.gz,pychialogprocessor,0.0.13,tar,1,1,decompyle3,exit_2,tool_exit,data/artifacts/pypi/pychialogprocessor/0.0.13/pyChiaLogProcessor-0.0.13.tar.gz
Pyomic-1.2.9-py3-none-any.whl,pyomic,1.2.9,wheel,1,1,decompyle3,timeout,timeout,data/artifacts/pypi/pyomic/1.2.9/Pyomic-1.2.9-py3-none-any.whl
qt_pyqt_pyside_custom_widgets-2.1.9-py3-none-any.whl,qt-pyqt-pyside-custom-widgets,2.1.9,wheel,1,1,decompyle3,timeout,timeout,data/artifacts/pypi/qt-pyqt-pyside-custom-widgets/2.1.9/qt_pyqt_pyside_custom_widgets-2.1.9-py3-none-any.whl
qt_pyqt_pyside_custom_widgets-2.1.9.tar.gz,qt-pyqt-pyside-custom-widgets,2.1.9,tar,1,1,decompyle3,timeout,timeout,data/artifacts/pypi/qt-pyqt-pyside-custom-widgets/2.1.9/qt_pyqt_pyside_custom_widgets-2.1.9.tar.gz
rascore-1.0.7.tar.gz,rascore,1.0.7,tar,1,1,decompyle3,timeout,timeout,data/artifacts/pypi/rascore/1.0.7/rascore-1.0.7.tar.gz
rrlfe-1.0.tar.gz,rrlfe,1.0,tar,1,1,decompyle3,exit_2,tool_exit,data/artifacts/pypi/rrlfe/1.0/rrlfe-1.0.tar.gz
sceleto2-1.1.2-py3-none-any.whl,sceleto2,1.1.2,wheel,1,1,pylingual,timeout,timeout,data/artifacts/pypi/sceleto2/1.1.2/sceleto2-1.1.2-py3-none-any.whl
sceleto2-1.1.2.tar.gz,sceleto2,1.1.2,tar,1,1,pylingual,timeout,timeout,data/artifacts/pypi/sceleto2/1.1.2/sceleto2-1.1.2.tar.gz
settmhc-1.0.0.tar.gz,settmhc,1.0.0,tar,1,1,decompyle3,timeout,timeout,data/artifacts/pypi/settmhc/1.0.0/settmhc-1.0.0.tar.gz
springheel-7.0.2-py3-none-any.whl,springheel,7.0.2,wheel,1,1,decompyle3,timeout,timeout,data/artifacts/pypi/springheel/7.0.2/springheel-7.0.2-py3-none-any.whl
springheel-7.0.2.tar.gz,springheel,7.0.2,tar,1,1,decompyle3,timeout,timeout,data/artifacts/pypi/springheel/7.0.2/springheel-7.0.2.tar.gz
tkfly-0.1.0b3.tar.gz,tkfly,0.1.0b3,tar,1,1,dis,error,tool_robustness_failure,data/artifacts/pypi/tkfly/0.1.0b3/tkfly-0.1.0b3.tar.gz
Whale-GoogleAnalytics-1.26.tar.gz,whale-googleanalytics,1.26,tar,1,1,decompyle3,exit_2,tool_exit,data/artifacts/pypi/whale-googleanalytics/1.26/Whale-GoogleAnalytics-1.26.tar.gz
workadays-2023.12.30.tar.gz,workadays,2023.12.30,tar,1,1,decompyle3,timeout,timeout,data/artifacts/pypi/workadays/2023.12.30/workadays-2023.12.30.tar.gz
xml_api-0.0.6.tar.gz,xml-api,0.0.6,tar,1,1,decompyle3,timeout,timeout,data/artifacts/pypi/xml-api/0.0.6/xml_api-0.0.6.tar.gz
