package,version,failed_tool_results,failed_pyc_files,tools,statuses,reason_categories
recycling,1.1.0,150,75,decompyle3;marshal,error;exit_2,marshal_parse_failure;tool_exit
radboy,0.0.1054,124,62,decompyle3;marshal,error;exit_2,marshal_parse_failure;tool_exit
ya-aioclient,0.6.4,123,123,decompyle3,exit_2,tool_exit
clustcrdist,0.1.5,100,50,decompyle3;marshal,error;exit_2,marshal_parse_failure;tool_exit
causal-test-again,0.1.67,48,24,decompyle3;marshal,error;exit_2,marshal_parse_failure;tool_exit
rtx-deep,1.3.9,42,42,dis,error,disassembly_failure
nocturnal,1.6.0,40,20,decompyle3;marshal,error;exit_2,marshal_parse_failure;tool_exit
pypbem,1.1.0,38,19,decompyle3;marshal,error;exit_2,marshal_parse_failure;tool_exit
moolib,0.0.9b0,30,15,decompyle3;marshal,error;exit_2,marshal_parse_failure;tool_exit
stadium-jams,1.1.0,24,12,decompyle3;marshal,error;exit_2,marshal_parse_failure;tool_exit
pyhafas,0.6.1,23,23,decompyle3,exit_2,tool_exit
mediphy,2.2.0,22,11,decompyle3;marshal,error;exit_2,marshal_parse_failure;tool_exit
verses,2.2.0,22,11,decompyle3;marshal,error;exit_2,marshal_parse_failure;tool_exit
ramps-galactic,1.1.2,16,8,decompyle3;marshal,error;exit_2,marshal_parse_failure;tool_exit
restless-dj-utils,0.2b5,16,16,decompyle3,exit_2,tool_exit
refex,0.1.1,15,15,decompyle3,exit_2,tool_exit
decompyle3,3.9.3,12,12,decompyle3,exit_2,tool_exit
neurocollage,0.3.7,12,12,decompyle3,exit_2,tool_exit
pytest-exploratory,0.9.1,12,12,decompyle3,exit_2,tool_exit
silorider,0.2.1,12,12,decompyle3,exit_2,tool_exit
vegan,2.6.0,12,6,decompyle3;marshal,error;exit_2,marshal_parse_failure;tool_exit
apoplast,3.0.7,10,5,decompyle3;marshal,error;exit_2,marshal_parse_failure;tool_exit
euphoria,1.0.0,10,5,decompyle3;marshal,error;exit_2,marshal_parse_failure;tool_exit
lifedata,0.1.1,10,10,decompyle3,exit_2,tool_exit
bestfit,0.3,9,9,decompyle3,exit_1;timeout,timeout;tool_exit
corrfitter,8.2,8,4,decompyle3;marshal,error;exit_2,marshal_parse_failure;tool_exit
magicinvoke,2.4.6,8,8,decompyle3,exit_2,tool_exit
neuroai,0.5.2,6,6,decompyle3,timeout,timeout
monies,0.0.2,4,2,decompyle3;marshal,error;exit_2,marshal_parse_failure;tool_exit
poetry-kit,0.1.6,4,2,decompyle3;marshal,error;exit_2,marshal_parse_failure;tool_exit
poetry-mix,0.1.1,4,2,decompyle3;marshal,error;exit_2,marshal_parse_failure;tool_exit
receptors,0.0.1,4,2,decompyle3;marshal,error;exit_2,marshal_parse_failure;tool_exit
tracts,0.0.2,4,2,decompyle3;marshal,error;exit_2,marshal_parse_failure;tool_exit
transformerslocal,0.0.4,4,4,decompyle3,timeout,timeout
trysts,0.0.2,4,2,decompyle3;marshal,error;exit_2,marshal_parse_failure;tool_exit
ventures,3.0.0,4,2,decompyle3;marshal,error;exit_2,marshal_parse_failure;tool_exit
wedding,1.0.1,4,2,decompyle3;marshal,error;exit_2,marshal_parse_failure;tool_exit
womb,1.5.0,4,2,decompyle3;marshal,error;exit_2,marshal_parse_failure;tool_exit
flask-admin-plus,1.6.22,3,3,decompyle3,timeout,timeout
gseim,1.4,3,3,decompyle3,timeout,timeout
gseimiitb,1.1,3,3,decompyle3,timeout,timeout
uniqgift-custom,1.0.7,3,3,decompyle3,exit_1,tool_exit
aimmocore,0.1.15,2,2,decompyle3,exit_1,tool_exit
aioinstagrapi,1.1.21,2,2,decompyle3,exit_1,tool_exit
astromorphlib,1.0.13,2,2,decompyle3,timeout,timeout
biotech,1.1.10,2,1,decompyle3;marshal,error;exit_2,marshal_parse_failure;tool_exit
datadashr,0.2.5,2,1,decompyle3;marshal,error;exit_2,marshal_parse_failure;tool_exit
dovado-rtl,0.10.12,2,2,decompyle3;pylingual,timeout,timeout
factory-farm,1.2.6,2,1,decompyle3;marshal,error;exit_2,marshal_parse_failure;tool_exit
foam-hair,1.6.1,2,1,decompyle3;marshal,error;exit_2,marshal_parse_failure;tool_exit
foam-rodeo,0.0.1,2,1,decompyle3;marshal,error;exit_2,marshal_parse_failure;tool_exit
hemoglycin,2.0.0,2,1,decompyle3;marshal,error;exit_2,marshal_parse_failure;tool_exit
jembe,0.3.15,2,2,decompyle3,exit_1,tool_exit
libmercury,0.85,2,2,dis,error,disassembly_failure
mqc,2.0.2,2,2,decompyle3,exit_1,tool_exit
multiqc-vlad,1.30.dev20250821143134,2,2,decompyle3,exit_1,tool_exit
myfitnesspal,2.1.2,2,2,decompyle3,exit_2,tool_exit
new-flask-app,1.0.4,2,2,decompyle3,exit_2,tool_exit
oumuamua,0.4.0,2,1,decompyle3;marshal,error;exit_2,marshal_parse_failure;tool_exit
pychialogprocessor,0.0.13,2,2,decompyle3,exit_2,tool_exit
qt-pyqt-pyside-custom-widgets,2.1.9,2,2,decompyle3,timeout,timeout
quanguru,0.0.1rc19,2,2,decompyle3,timeout,timeout
rosspy,0.1.7,2,2,decompyle3,exit_2,tool_exit
sceleto2,1.1.2,2,2,pylingual,timeout,timeout
springheel,7.0.2,2,2,decompyle3,timeout,timeout
tholin,1.0.0,2,1,decompyle3;marshal,error;exit_2,marshal_parse_failure;tool_exit
vitis-quantizer,0.1.3,2,2,decompyle3,exit_2,tool_exit
assignment-autograder,3.7.6,1,1,decompyle3,exit_1,tool_exit
autograder,3.7.7,1,1,decompyle3,exit_1,tool_exit
cbapi-patched,1.7.5,1,1,decompyle3,timeout,timeout
delphai-search-utils,0.2.1,1,1,decompyle3,exit_2,tool_exit
django-connectwise,1.20.0,1,1,decompyle3,exit_1,tool_exit
flasgger,0.9.7.1,1,1,decompyle3,exit_2,tool_exit
gluoncv2,0.0.64,1,1,decompyle3,timeout,timeout
investment,0.2.17,1,1,decompyle3,timeout,timeout
moto-improved-cognitoidentity,1.3,1,1,decompyle3,timeout,timeout
mwahpy,2.1.5,1,1,decompyle3,exit_1,tool_exit
pobm,1.2.0,1,1,decompyle3,exit_1,tool_exit
pyomic,1.2.9,1,1,decompyle3,timeout,timeout
rascore,1.0.7,1,1,decompyle3,timeout,timeout
rrlfe,1.0,1,1,decompyle3,exit_2,tool_exit
settmhc,1.0.0,1,1,decompyle3,timeout,timeout
tkfly,0.1.0b3,1,1,dis,error,disassembly_failure
whale-googleanalytics,1.26,1,1,decompyle3,exit_2,tool_exit
workadays,2023.12.30,1,1,decompyle3,timeout,timeout
xml-api,0.0.6,1,1,decompyle3,timeout,timeout
