package,version,artifact,artifact_type,source_less_pyc,source_less_pyc_pct_in_artifact,python_tags,dynamic_loading_indicator,dynamic_load_hits,keyword_categories
bestfit,0.3,bestFit-0.3.tar.gz,tar,4298,98.67,cpython-38;cpython-39,True,5,build;cli;data;ml;network;plugin;security;testing
lfedu,0.0.1,lfedu-0.0.1.tar.gz,tar,1416,99.86,cpython-38,True,1,build;cli;data;ml;network;plugin;security;testing
asyncchatpractice,0.1.3,AsyncChatPractice-0.1.3-py2.py3-none-any.whl,wheel,537,100.00,cpython-311,True,6,data;network;security;testing
oracle-automlx,25.3.1,oracle_automlx-25.3.1-py310-none-any.whl,wheel,449,100.00,cpython-310,False,0,data;ml;security
oracle-ml-insights,1.3.1,oracle_ml_insights-1.3.1-py38-none-any.whl,wheel,400,100.00,cpython-38,False,0,cli;data;ml;network;plugin;security;testing
pykage,0.2,pykage-0.2.tar.gz,tar,340,100.00,cpython-310,True,1,build;cli;data;network;security;testing
uiflow2,0.0.5,uiflow2-0.0.5-cp311-cp311-linux_armv7l.whl,wheel,264,100.00,cpython-311,False,0,cli;network;security;testing
igrep-tme,0.1.79,igrep_tme-0.1.79-cp312-none-any.whl,wheel,260,93.19,cpython-312,True,2,build;cli;data;ml;network;plugin;security
leafmesh,2.2.46,leafmesh-2.2.46-cp310-none-any.whl,wheel,170,100.00,cpython-310,False,0,build;data;ml;network;security
reviewboardpowerpack,6.0,reviewboardpowerpack-6.0-cp310-none-any.whl,wheel,158,100.00,cpython-310,False,0,data;network;plugin;security
lybase,1.0.284,lybase-1.0.284-py3-none-any.whl,wheel,146,100.00,cpython-310,False,0,build;data;ml;network;security
shiyunzi,3.1.29,shiyunzi-3.1.29-py2.py3-none-any.whl,wheel,93,93.94,cpython-313,False,0,ml;network;security
tinyshare,0.1028.0,tinyshare-0.1028.0-py3-none-any.whl,wheel,63,100.00,cpython-310;cpython-311;cpython-312;cpython-313;cpython-314;cpython-38;cpython-39,True,3,network;security
tinyshare,0.1028.0,tinyshare-0.1028.0.tar.gz,tar,63,100.00,cpython-310;cpython-311;cpython-312;cpython-313;cpython-314;cpython-38;cpython-39,True,3,network;security
minishare,0.1005.0,minishare-0.1005.0-py3-none-any.whl,wheel,56,100.00,cpython-310;cpython-311;cpython-312;cpython-313;cpython-314;cpython-38;cpython-39,True,3,security
minishare,0.1005.0,minishare-0.1005.0.tar.gz,tar,56,100.00,cpython-310;cpython-311;cpython-312;cpython-313;cpython-314;cpython-38;cpython-39,True,3,security
oidc-provider,2.3.4,oidc_provider-2.3.4.tar.gz,tar,54,54.55,cpython-38,False,0,data;network;security;testing
gptvm,0.1.3,gptvm-0.1.3-py310-none-any.whl,wheel,51,100.00,cpython-310,False,0,cli;network;security
platenumocr,1.0.0,plateNumOCR-1.0.0.zip,zip,49,76.56,cpython-38,True,4,data;security
dj-rest-auth,7.2.0,dj_rest_auth-7.2.0.tar.gz,tar,46,17.62,cpython-310;cpython-311;cpython-312;cpython-313;cpython-314;cpython-38,True,1,security;testing
ezfnsetup,5.1.4,EZFNSetup-5.1.4-py3-none-any.whl,wheel,35,100.00,cpython-38,False,0,network;security
ttshare,0.1003.0,ttshare-0.1003.0-py3-none-any.whl,wheel,35,100.00,cpython-310;cpython-311;cpython-312;cpython-313;cpython-314;cpython-38;cpython-39,True,3,security
ttshare,0.1003.0,ttshare-0.1003.0.tar.gz,tar,35,100.00,cpython-310;cpython-311;cpython-312;cpython-313;cpython-314;cpython-38;cpython-39,True,3,security
ezfnsetupv2,0.1.0,EZFNSetupV2-0.1.0-py3-none-any.whl,wheel,34,100.00,cpython-38,False,0,network;security
neuralecosystems,4.10.0,neuralecosystems-4.10.0-py3-none-any.whl,wheel,34,100.00,cpython-314,False,0,data;security;testing
uniqgift-custom,1.0.7,uniqgift_custom-1.0.7-py3-none-any.whl,wheel,31,3.05,cpython-38,True,32,data;security
nocturnal,1.6.0,nocturnal-1.6.0.tar.gz,tar,29,27.36,cpython-310;cpython-311,False,0,build;security
isagellm-gateway,0.5.4.14,isagellm_gateway-0.5.4.14-py2.py3-none-any.whl,wheel,20,83.33,cpython-311,False,0,network;security
isagellm-gateway,0.5.4.14,isagellm_gateway-0.5.4.14.tar.gz,tar,20,83.33,cpython-311,False,0,network;security
simo,3.5.42,simo-3.5.42-py3-none-any.whl,wheel,15,1.79,cpython-312;cpython-38,True,14,network;security;testing
simo,3.5.42,simo-3.5.42.tar.gz,tar,15,1.79,cpython-312;cpython-38,True,14,network;security;testing
movies-ogv,1.5.0,movies_ogv-1.5.0.tar.gz,tar,14,17.07,cpython-310;cpython-311,False,0,security;testing
lifedata,0.1.1,lifedata-0.1.1-py3-none-any.whl,wheel,13,5.53,cpython-310;cpython-38,True,1,cli;data;security;testing
lifedata,0.1.1,lifedata-0.1.1.tar.gz,tar,13,5.53,cpython-310;cpython-38,True,1,cli;data;security;testing
django-app-novadata,0.1.1,django_app_novadata-0.1.1.tar.gz,tar,10,21.28,cpython-38,False,0,security
tcdr,0.0.1,tcdr-0.0.1-py3-none-any.whl,wheel,9,42.86,cpython-313,True,1,network;security
tcdr,0.0.1,tcdr-0.0.1.tar.gz,tar,9,42.86,cpython-313,True,1,network;security
gandai,1.7.83,gandai-1.7.83-py3-none-any.whl,wheel,6,26.09,cpython-311,False,0,security
gandai,1.7.83,gandai-1.7.83.tar.gz,tar,6,26.09,cpython-311,False,0,security
sequoia,0.0.10,sequoia-0.0.10.tar.gz,tar,6,5.71,cpython-310,True,1,security
python-sdk-auth,0.4.0,python_sdk_auth-0.4.0-py3-none-any.whl,wheel,5,100.00,cpython-39,False,0,security
bullpenfi,0.1.11,bullpenfi-0.1.11-py3-none-any.whl,wheel,4,50.00,cpython-311,False,0,security
bullpenfi,0.1.11,bullpenfi-0.1.11.tar.gz,tar,4,50.00,cpython-311,False,0,security
invcrypt,1.0.13,invcrypt-1.0.13-py3-none-any.whl,wheel,4,20.00,cpython-312,True,1,security
invcrypt,1.0.13,invcrypt-1.0.13.tar.gz,tar,4,20.00,cpython-312,True,1,security
wildcard-core,0.1.7,wildcard_core-0.1.7.tar.gz,tar,3,15.00,cpython-312,True,4,network;security
brady-django-template,0.1.4,brady-django-template-0.1.4.tar.gz,tar,2,16.67,cpython-311,False,0,security
brady-django-template,0.1.4,brady_django_template-0.1.4-py3-none-any.whl,wheel,2,16.67,cpython-311,False,0,security
drf-easily-saas,0.0.4,drf_easily_saas-0.0.4.tar.gz,tar,2,6.06,cpython-310,False,0,security
fastapi-authentication,0.1.1,fastapi_authentication-0.1.1.tar.gz,tar,2,40.00,cpython-312,False,0,security
fastapi-blocks-registry,0.2.16,fastapi_blocks_registry-0.2.16-py3-none-any.whl,wheel,2,2.74,cpython-312,True,1,security
fastapi-blocks-registry,0.2.16,fastapi_blocks_registry-0.2.16.tar.gz,tar,2,2.74,cpython-312,True,1,security
junior-ssl,0.5.0,junior_ssl-0.5.0-py3-none-any.whl,wheel,2,12.50,cpython-38,False,0,security
newrelic-synthetic-python-client,0.3.1,newrelic_synthetic_python_client-0.3.1.tar.gz,tar,2,16.67,cpython-38,False,0,network;security
restless-dj-utils,0.2b5,restless_dj_utils-0.2b5-py3-none-any.whl,wheel,2,3.70,cpython-38,False,0,security
restless-dj-utils,0.2b5,restless_dj_utils-0.2b5.tar.gz,tar,2,3.70,cpython-38,False,0,security
atabet-token,1.1.0,atabet_token-1.1.0-cp310-cp310-macosx_10_9_x86_64.whl,wheel,1,100.00,cpython-310,False,0,security
fastsecure,0.3.0,fastsecure-0.3.0-py3-none-any.whl,wheel,1,100.00,cpython-311,False,0,build;security;testing
fastsecure,0.3.0,fastsecure-0.3.0.tar.gz,tar,1,100.00,cpython-311,False,0,security;testing
nox-security,3.0.0,nox_security-3.0.0-py3-none-any.whl,wheel,1,100.00,cpython-312,True,1,security
pygen-modules,0.1.1,pygen_modules-0.1.1-py3-none-any.whl,wheel,1,8.33,cpython-311,True,6,security
pygen-modules,0.1.1,pygen_modules-0.1.1.tar.gz,tar,1,8.33,cpython-311,True,6,security
topiq-utils,0.1.8,topiq_utils-0.1.8-py3-none-any.whl,wheel,1,20.00,cpython-311,False,0,security
topiq-utils,0.1.8,topiq_utils-0.1.8.tar.gz,tar,1,20.00,cpython-311,False,0,security
