case_id,tool,python_tag,finding,original_status,original_reason,replay_returncode,replay_signal,replay_status,replay_reason,case_dir
001-decompyle3-cpython-312-cpython-312-2bcc6ad1f7bb,decompyle3,cpython-312,data/rq3/cpython-3.12/unique_bug_pyc/cpython-312-2bcc6ad1f7bb.pyc,exit_-11,/root/PyBC-Sec/pybcSEC/data/rq2/envs/cpython-312/lib/python3.12/site-packages/click/core.py:1262: UserWarning: The parameter --version is used more than once. Remove its duplicate as parameters should be unique. parser = self.make_parser...,-11,SIGSEGV,Process crash,SIGSEGV,/home/awen/git/PybcSEC/PycLens/data/rq4/replayed_tool_robustness/001-decompyle3-cpython-312-cpython-312-2bcc6ad1f7bb
002-pylingual-cpython-312-cpython-312-2bcc6ad1f7bb,pylingual,cpython-312,data/rq3/cpython-3.12/unique_bug_pyc/cpython-312-2bcc6ad1f7bb.pyc,exit_-11,"────────────────────────────────────────────────────────────────────────────────────────────────────────────────────────────────────────────────────────────────────── ,ggggggggggg, ,gggg, dP""""""88""""""""""""Y8, d8"" ""8I ,dPYb, Yb, 88 `8b 88 ,dP...",-11,SIGSEGV,Process crash,SIGSEGV,/home/awen/git/PybcSEC/PycLens/data/rq4/replayed_tool_robustness/002-pylingual-cpython-312-cpython-312-2bcc6ad1f7bb
003-decompyle3-cpython-312-cpython-312-58e8048ac5da,decompyle3,cpython-312,data/rq3/cpython-3.12/unique_bug_pyc/cpython-312-58e8048ac5da.pyc,exit_-11,/root/PyBC-Sec/pybcSEC/data/rq2/envs/cpython-312/lib/python3.12/site-packages/click/core.py:1262: UserWarning: The parameter --version is used more than once. Remove its duplicate as parameters should be unique. parser = self.make_parser...,-11,SIGSEGV,Process crash,SIGSEGV,/home/awen/git/PybcSEC/PycLens/data/rq4/replayed_tool_robustness/003-decompyle3-cpython-312-cpython-312-58e8048ac5da
004-pylingual-cpython-312-cpython-312-58e8048ac5da,pylingual,cpython-312,data/rq3/cpython-3.12/unique_bug_pyc/cpython-312-58e8048ac5da.pyc,exit_-11,"────────────────────────────────────────────────────────────────────────────────────────────────────────────────────────────────────────────────────────────────────── ,ggggggggggg, ,gggg, dP""""""88""""""""""""Y8, d8"" ""8I ,dPYb, Yb, 88 `8b 88 ,dP...",-11,SIGSEGV,Process crash,SIGSEGV,/home/awen/git/PybcSEC/PycLens/data/rq4/replayed_tool_robustness/004-pylingual-cpython-312-cpython-312-58e8048ac5da
005-decompyle3-cpython-312-cpython-312-901be4fc6696,decompyle3,cpython-312,data/rq3/cpython-3.12/unique_bug_pyc/cpython-312-901be4fc6696.pyc,exit_-11,/root/PyBC-Sec/pybcSEC/data/rq2/envs/cpython-312/lib/python3.12/site-packages/click/core.py:1262: UserWarning: The parameter --version is used more than once. Remove its duplicate as parameters should be unique. parser = self.make_parser...,-11,SIGSEGV,Process crash,SIGSEGV,/home/awen/git/PybcSEC/PycLens/data/rq4/replayed_tool_robustness/005-decompyle3-cpython-312-cpython-312-901be4fc6696
006-pylingual-cpython-312-cpython-312-901be4fc6696,pylingual,cpython-312,data/rq3/cpython-3.12/unique_bug_pyc/cpython-312-901be4fc6696.pyc,exit_-11,"────────────────────────────────────────────────────────────────────────────────────────────────────────────────────────────────────────────────────────────────────── ,ggggggggggg, ,gggg, dP""""""88""""""""""""Y8, d8"" ""8I ,dPYb, Yb, 88 `8b 88 ,dP...",-11,SIGSEGV,Process crash,SIGSEGV,/home/awen/git/PybcSEC/PycLens/data/rq4/replayed_tool_robustness/006-pylingual-cpython-312-cpython-312-901be4fc6696
007-decompyle3-cpython-312-cpython-312-a121b010b70b,decompyle3,cpython-312,data/rq3/cpython-3.12/unique_bug_pyc/cpython-312-a121b010b70b.pyc,exit_-11,/root/PyBC-Sec/pybcSEC/data/rq2/envs/cpython-312/lib/python3.12/site-packages/click/core.py:1262: UserWarning: The parameter --version is used more than once. Remove its duplicate as parameters should be unique. parser = self.make_parser...,-11,SIGSEGV,Process crash,SIGSEGV,/home/awen/git/PybcSEC/PycLens/data/rq4/replayed_tool_robustness/007-decompyle3-cpython-312-cpython-312-a121b010b70b
008-pylingual-cpython-312-cpython-312-a121b010b70b,pylingual,cpython-312,data/rq3/cpython-3.12/unique_bug_pyc/cpython-312-a121b010b70b.pyc,exit_-11,"────────────────────────────────────────────────────────────────────────────────────────────────────────────────────────────────────────────────────────────────────── ,ggggggggggg, ,gggg, dP""""""88""""""""""""Y8, d8"" ""8I ,dPYb, Yb, 88 `8b 88 ,dP...",-11,SIGSEGV,Process crash,SIGSEGV,/home/awen/git/PybcSEC/PycLens/data/rq4/replayed_tool_robustness/008-pylingual-cpython-312-cpython-312-a121b010b70b
009-pylingual-cpython-312-cpython-312-eb581a73e180,pylingual,cpython-312,data/rq3/cpython-3.12/unique_bug_pyc/cpython-312-eb581a73e180.pyc,exit_-6,malloc(): invalid size (unsorted),-6,SIGABRT,Process abort,SIGABRT,/home/awen/git/PybcSEC/PycLens/data/rq4/replayed_tool_robustness/009-pylingual-cpython-312-cpython-312-eb581a73e180
010-decompyle3-cpython-313-cpython-313-089a998b290e,decompyle3,cpython-313,data/rq3/cpython-3.13/unique_bug_pyc/cpython-313-089a998b290e.pyc,exit_-11,/root/PyBC-Sec/pybcSEC/data/rq2/envs/cpython-313/lib/python3.13/site-packages/click/core.py:1262: UserWarning: The parameter --version is used more than once. Remove its duplicate as parameters should be unique. parser = self.make_parser...,-11,SIGSEGV,Process crash,SIGSEGV,/home/awen/git/PybcSEC/PycLens/data/rq4/replayed_tool_robustness/010-decompyle3-cpython-313-cpython-313-089a998b290e
011-decompyle3-cpython-313-cpython-313-437dc676a244,decompyle3,cpython-313,data/rq3/cpython-3.13/unique_bug_pyc/cpython-313-437dc676a244.pyc,exit_-11,/root/PyBC-Sec/pybcSEC/data/rq2/envs/cpython-313/lib/python3.13/site-packages/click/core.py:1262: UserWarning: The parameter --version is used more than once. Remove its duplicate as parameters should be unique. parser = self.make_parser...,-11,SIGSEGV,Process crash,SIGSEGV,/home/awen/git/PybcSEC/PycLens/data/rq4/replayed_tool_robustness/011-decompyle3-cpython-313-cpython-313-437dc676a244
012-decompyle3-cpython-313-cpython-313-67ca27a414de,decompyle3,cpython-313,data/rq3/cpython-3.13/unique_bug_pyc/cpython-313-67ca27a414de.pyc,exit_-11,/root/PyBC-Sec/pybcSEC/data/rq2/envs/cpython-313/lib/python3.13/site-packages/click/core.py:1262: UserWarning: The parameter --version is used more than once. Remove its duplicate as parameters should be unique. parser = self.make_parser...,-11,SIGSEGV,Process crash,SIGSEGV,/home/awen/git/PybcSEC/PycLens/data/rq4/replayed_tool_robustness/012-decompyle3-cpython-313-cpython-313-67ca27a414de
013-decompyle3-cpython-313-cpython-313-7c3c7040a8a0,decompyle3,cpython-313,data/rq3/cpython-3.13/unique_bug_pyc/cpython-313-7c3c7040a8a0.pyc,exit_-11,/root/PyBC-Sec/pybcSEC/data/rq2/envs/cpython-313/lib/python3.13/site-packages/click/core.py:1262: UserWarning: The parameter --version is used more than once. Remove its duplicate as parameters should be unique. parser = self.make_parser...,-11,SIGSEGV,Process crash,SIGSEGV,/home/awen/git/PybcSEC/PycLens/data/rq4/replayed_tool_robustness/013-decompyle3-cpython-313-cpython-313-7c3c7040a8a0
014-decompyle3-cpython-313-cpython-313-8ac23cabb596,decompyle3,cpython-313,data/rq3/cpython-3.13/unique_bug_pyc/cpython-313-8ac23cabb596.pyc,exit_-11,/root/PyBC-Sec/pybcSEC/data/rq2/envs/cpython-313/lib/python3.13/site-packages/click/core.py:1262: UserWarning: The parameter --version is used more than once. Remove its duplicate as parameters should be unique. parser = self.make_parser...,-11,SIGSEGV,Process crash,SIGSEGV,/home/awen/git/PybcSEC/PycLens/data/rq4/replayed_tool_robustness/014-decompyle3-cpython-313-cpython-313-8ac23cabb596
015-decompyle3-cpython-313-cpython-313-e1160566c937,decompyle3,cpython-313,data/rq3/cpython-3.13/unique_bug_pyc/cpython-313-e1160566c937.pyc,exit_-11,/root/PyBC-Sec/pybcSEC/data/rq2/envs/cpython-313/lib/python3.13/site-packages/click/core.py:1262: UserWarning: The parameter --version is used more than once. Remove its duplicate as parameters should be unique. parser = self.make_parser...,-11,SIGSEGV,Process crash,SIGSEGV,/home/awen/git/PybcSEC/PycLens/data/rq4/replayed_tool_robustness/015-decompyle3-cpython-313-cpython-313-e1160566c937
016-decompyle3-cpython-38-cpython-38-3cebf488677b,decompyle3,cpython-38,data/rq3/cpython-3.8/unique_bug_pyc/cpython-38-3cebf488677b.pyc,exit_1,"Traceback (most recent call last): File ""data/rq2/envs/cpython-38/bin/decompyle3"", line 8, in <module> sys.exit(main_bin()) File ""/root/PyBC-Sec/pybcSEC/data/rq2/envs/cpython-38/lib/python3.8/site-packages/click/core.py"", line 1161, in _...",1,,IndexError,tuple index out of range,/home/awen/git/PybcSEC/PycLens/data/rq4/replayed_tool_robustness/016-decompyle3-cpython-38-cpython-38-3cebf488677b
017-decompyle3-cpython-38-cpython-38-172b46bc6f63,decompyle3,cpython-38,data/rq3/cpython-3.8/unique_bug_pyc/cpython-38-172b46bc6f63.pyc,exit_1,"Traceback (most recent call last): File ""data/rq2/envs/cpython-38/bin/decompyle3"", line 8, in <module> sys.exit(main_bin()) File ""/root/PyBC-Sec/pybcSEC/data/rq2/envs/cpython-38/lib/python3.8/site-packages/click/core.py"", line 1161, in _...",1,,IndexError,array index out of range,/home/awen/git/PybcSEC/PycLens/data/rq4/replayed_tool_robustness/017-decompyle3-cpython-38-cpython-38-172b46bc6f63
018-decompyle3-cpython-38-cpython-38-0e6ea9f74fdd,decompyle3,cpython-38,data/rq3/cpython-3.8/unique_bug_pyc/cpython-38-0e6ea9f74fdd.pyc,exit_1,"Traceback (most recent call last): File ""data/rq2/envs/cpython-38/bin/decompyle3"", line 8, in <module> sys.exit(main_bin()) File ""/root/PyBC-Sec/pybcSEC/data/rq2/envs/cpython-38/lib/python3.8/site-packages/click/core.py"", line 1161, in _...",1,,Traceback,,/home/awen/git/PybcSEC/PycLens/data/rq4/replayed_tool_robustness/018-decompyle3-cpython-38-cpython-38-0e6ea9f74fdd
019-decompyle3-cpython-38-cpython-38-09cf932ac7c9,decompyle3,cpython-38,data/rq3/cpython-3.8/unique_bug_pyc/cpython-38-09cf932ac7c9.pyc,exit_2,"Unknown type 64 (hex 40) @ Unknown type 0 (hex 0) \\\\0 Unknown type 0 (hex 0) \\\\0 Unknown type 0 (hex 0) \\\\0 Traceback (most recent call last): File ""/root/PyBC-Sec/pybcSEC/data/rq2/envs/cpython-38/lib/python3.8/site-packages/xdis/load.py"", lin...",2,,TypeError,'NoneType' object is not iterable,/home/awen/git/PybcSEC/PycLens/data/rq4/replayed_tool_robustness/019-decompyle3-cpython-38-cpython-38-09cf932ac7c9
020-decompyle3-cpython-38-cpython-38-05df3261717a,decompyle3,cpython-38,data/rq3/cpython-3.8/unique_bug_pyc/cpython-38-05df3261717a.pyc,exit_1,"Traceback (most recent call last): File ""data/rq2/envs/cpython-38/bin/decompyle3"", line 8, in <module> sys.exit(main_bin()) File ""/root/PyBC-Sec/pybcSEC/data/rq2/envs/cpython-38/lib/python3.8/site-packages/click/core.py"", line 1161, in _...",1,,IndexError,tuple index out of range,/home/awen/git/PybcSEC/PycLens/data/rq4/replayed_tool_robustness/020-decompyle3-cpython-38-cpython-38-05df3261717a
021-decompyle3-cpython-38-cpython-38-1023437964e6,decompyle3,cpython-38,data/rq3/cpython-3.8/unique_bug_pyc/cpython-38-1023437964e6.pyc,exit_1,"Traceback (most recent call last): File ""data/rq2/envs/cpython-38/bin/decompyle3"", line 8, in <module> sys.exit(main_bin()) File ""/root/PyBC-Sec/pybcSEC/data/rq2/envs/cpython-38/lib/python3.8/site-packages/click/core.py"", line 1161, in _...",1,,IndexError,tuple index out of range,/home/awen/git/PybcSEC/PycLens/data/rq4/replayed_tool_robustness/021-decompyle3-cpython-38-cpython-38-1023437964e6
022-decompyle3-cpython-38-cpython-38-428375de16b7,decompyle3,cpython-38,data/rq3/cpython-3.8/unique_bug_pyc/cpython-38-428375de16b7.pyc,exit_1,"Traceback (most recent call last): File ""data/rq2/envs/cpython-38/bin/decompyle3"", line 8, in <module> sys.exit(main_bin()) File ""/root/PyBC-Sec/pybcSEC/data/rq2/envs/cpython-38/lib/python3.8/site-packages/click/core.py"", line 1161, in _...",1,,IndexError,tuple index out of range,/home/awen/git/PybcSEC/PycLens/data/rq4/replayed_tool_robustness/022-decompyle3-cpython-38-cpython-38-428375de16b7
023-decompyle3-cpython-38-cpython-38-5e5346c1cf8a,decompyle3,cpython-38,data/rq3/cpython-3.8/unique_bug_pyc/cpython-38-5e5346c1cf8a.pyc,exit_1,"Traceback (most recent call last): File ""data/rq2/envs/cpython-38/bin/decompyle3"", line 8, in <module> sys.exit(main_bin()) File ""/root/PyBC-Sec/pybcSEC/data/rq2/envs/cpython-38/lib/python3.8/site-packages/click/core.py"", line 1161, in _...",1,,TypeError,argument of type 'int' is not iterable,/home/awen/git/PybcSEC/PycLens/data/rq4/replayed_tool_robustness/023-decompyle3-cpython-38-cpython-38-5e5346c1cf8a
024-decompyle3-cpython-38-cpython-38-6273a738710f,decompyle3,cpython-38,data/rq3/cpython-3.8/unique_bug_pyc/cpython-38-6273a738710f.pyc,exit_1,"Traceback (most recent call last): File ""data/rq2/envs/cpython-38/bin/decompyle3"", line 8, in <module> sys.exit(main_bin()) File ""/root/PyBC-Sec/pybcSEC/data/rq2/envs/cpython-38/lib/python3.8/site-packages/click/core.py"", line 1161, in _...",1,,IndexError,array index out of range,/home/awen/git/PybcSEC/PycLens/data/rq4/replayed_tool_robustness/024-decompyle3-cpython-38-cpython-38-6273a738710f
025-decompyle3-cpython-38-cpython-38-46a59a1a86c9,decompyle3,cpython-38,data/rq3/cpython-3.8/unique_bug_pyc/cpython-38-46a59a1a86c9.pyc,exit_1,"Traceback (most recent call last): File ""data/rq2/envs/cpython-38/bin/decompyle3"", line 8, in <module> sys.exit(main_bin()) File ""/root/PyBC-Sec/pybcSEC/data/rq2/envs/cpython-38/lib/python3.8/site-packages/click/core.py"", line 1161, in _...",1,,Traceback,,/home/awen/git/PybcSEC/PycLens/data/rq4/replayed_tool_robustness/025-decompyle3-cpython-38-cpython-38-46a59a1a86c9
026-decompyle3-cpython-38-cpython-38-6fc7c4e73992,decompyle3,cpython-38,data/rq3/cpython-3.8/unique_bug_pyc/cpython-38-6fc7c4e73992.pyc,exit_1,"Traceback (most recent call last): File ""data/rq2/envs/cpython-38/bin/decompyle3"", line 8, in <module> sys.exit(main_bin()) File ""/root/PyBC-Sec/pybcSEC/data/rq2/envs/cpython-38/lib/python3.8/site-packages/click/core.py"", line 1161, in _...",1,,Traceback,,/home/awen/git/PybcSEC/PycLens/data/rq4/replayed_tool_robustness/026-decompyle3-cpython-38-cpython-38-6fc7c4e73992
027-decompyle3-cpython-38-cpython-38-717ef7a927e1,decompyle3,cpython-38,data/rq3/cpython-3.8/unique_bug_pyc/cpython-38-717ef7a927e1.pyc,exit_1,"Traceback (most recent call last): File ""data/rq2/envs/cpython-38/bin/decompyle3"", line 8, in <module> sys.exit(main_bin()) File ""/root/PyBC-Sec/pybcSEC/data/rq2/envs/cpython-38/lib/python3.8/site-packages/click/core.py"", line 1161, in _...",1,,IndexError,array index out of range,/home/awen/git/PybcSEC/PycLens/data/rq4/replayed_tool_robustness/027-decompyle3-cpython-38-cpython-38-717ef7a927e1
028-decompyle3-cpython-38-cpython-38-770a9e21632b,decompyle3,cpython-38,data/rq3/cpython-3.8/unique_bug_pyc/cpython-38-770a9e21632b.pyc,exit_-6,"Fatal Python error: non-string found in code slot Python runtime state: initialized Current thread 0x00007ecd57136740 (most recent call first): File ""/root/PyBC-Sec/pybcSEC/data/rq2/envs/cpython-38/lib/python3.8/site-packages/xdis/load.p...",-6,SIGABRT,Process abort,SIGABRT,/home/awen/git/PybcSEC/PycLens/data/rq4/replayed_tool_robustness/028-decompyle3-cpython-38-cpython-38-770a9e21632b
029-decompyle3-cpython-38-cpython-38-7b90ad31f7e8,decompyle3,cpython-38,data/rq3/cpython-3.8/unique_bug_pyc/cpython-38-7b90ad31f7e8.pyc,exit_1,"Traceback (most recent call last): File ""data/rq2/envs/cpython-38/bin/decompyle3"", line 8, in <module> sys.exit(main_bin()) File ""/root/PyBC-Sec/pybcSEC/data/rq2/envs/cpython-38/lib/python3.8/site-packages/click/core.py"", line 1161, in _...",1,,IndexError,tuple index out of range,/home/awen/git/PybcSEC/PycLens/data/rq4/replayed_tool_robustness/029-decompyle3-cpython-38-cpython-38-7b90ad31f7e8
030-decompyle3-cpython-38-cpython-38-9a9fb65de558,decompyle3,cpython-38,data/rq3/cpython-3.8/unique_bug_pyc/cpython-38-9a9fb65de558.pyc,exit_1,"Traceback (most recent call last): File ""data/rq2/envs/cpython-38/bin/decompyle3"", line 8, in <module> sys.exit(main_bin()) File ""/root/PyBC-Sec/pybcSEC/data/rq2/envs/cpython-38/lib/python3.8/site-packages/click/core.py"", line 1161, in _...",1,,IndexError,tuple index out of range,/home/awen/git/PybcSEC/PycLens/data/rq4/replayed_tool_robustness/030-decompyle3-cpython-38-cpython-38-9a9fb65de558
031-decompyle3-cpython-38-cpython-38-c2fa264aa16f,decompyle3,cpython-38,data/rq3/cpython-3.8/unique_bug_pyc/cpython-38-c2fa264aa16f.pyc,exit_1,"Traceback (most recent call last): File ""data/rq2/envs/cpython-38/bin/decompyle3"", line 8, in <module> sys.exit(main_bin()) File ""/root/PyBC-Sec/pybcSEC/data/rq2/envs/cpython-38/lib/python3.8/site-packages/click/core.py"", line 1161, in _...",1,,IndexError,tuple index out of range,/home/awen/git/PybcSEC/PycLens/data/rq4/replayed_tool_robustness/031-decompyle3-cpython-38-cpython-38-c2fa264aa16f
032-decompyle3-cpython-38-cpython-38-b0c2992e0f7d,decompyle3,cpython-38,data/rq3/cpython-3.8/unique_bug_pyc/cpython-38-b0c2992e0f7d.pyc,exit_1,"Traceback (most recent call last): File ""data/rq2/envs/cpython-38/bin/decompyle3"", line 8, in <module> sys.exit(main_bin()) File ""/root/PyBC-Sec/pybcSEC/data/rq2/envs/cpython-38/lib/python3.8/site-packages/click/core.py"", line 1161, in _...",1,,TypeError,argument of type 'int' is not iterable,/home/awen/git/PybcSEC/PycLens/data/rq4/replayed_tool_robustness/032-decompyle3-cpython-38-cpython-38-b0c2992e0f7d
033-decompyle3-cpython-38-cpython-38-c18f3ce00206,decompyle3,cpython-38,data/rq3/cpython-3.8/unique_bug_pyc/cpython-38-c18f3ce00206.pyc,exit_1,"Traceback (most recent call last): File ""data/rq2/envs/cpython-38/bin/decompyle3"", line 8, in <module> sys.exit(main_bin()) File ""/root/PyBC-Sec/pybcSEC/data/rq2/envs/cpython-38/lib/python3.8/site-packages/click/core.py"", line 1161, in _...",1,,IndexError,tuple index out of range,/home/awen/git/PybcSEC/PycLens/data/rq4/replayed_tool_robustness/033-decompyle3-cpython-38-cpython-38-c18f3ce00206
034-decompyle3-cpython-38-cpython-38-d9e88510d3f6,decompyle3,cpython-38,data/rq3/cpython-3.8/unique_bug_pyc/cpython-38-d9e88510d3f6.pyc,exit_1,"Traceback (most recent call last): File ""data/rq2/envs/cpython-38/bin/decompyle3"", line 8, in <module> sys.exit(main_bin()) File ""/root/PyBC-Sec/pybcSEC/data/rq2/envs/cpython-38/lib/python3.8/site-packages/click/core.py"", line 1161, in _...",1,,Traceback,,/home/awen/git/PybcSEC/PycLens/data/rq4/replayed_tool_robustness/034-decompyle3-cpython-38-cpython-38-d9e88510d3f6
035-decompyle3-cpython-38-cpython-38-dc7186b132f7,decompyle3,cpython-38,data/rq3/cpython-3.8/unique_bug_pyc/cpython-38-dc7186b132f7.pyc,exit_1,"Traceback (most recent call last): File ""data/rq2/envs/cpython-38/bin/decompyle3"", line 8, in <module> sys.exit(main_bin()) File ""/root/PyBC-Sec/pybcSEC/data/rq2/envs/cpython-38/lib/python3.8/site-packages/click/core.py"", line 1161, in _...",1,,IndexError,tuple index out of range,/home/awen/git/PybcSEC/PycLens/data/rq4/replayed_tool_robustness/035-decompyle3-cpython-38-cpython-38-dc7186b132f7
036-decompyle3-cpython-38-cpython-38-db7c5002a77c,decompyle3,cpython-38,data/rq3/cpython-3.8/unique_bug_pyc/cpython-38-db7c5002a77c.pyc,exit_1,"Traceback (most recent call last): File ""data/rq2/envs/cpython-38/bin/decompyle3"", line 8, in <module> sys.exit(main_bin()) File ""/root/PyBC-Sec/pybcSEC/data/rq2/envs/cpython-38/lib/python3.8/site-packages/click/core.py"", line 1161, in _...",1,,IndexError,tuple index out of range,/home/awen/git/PybcSEC/PycLens/data/rq4/replayed_tool_robustness/036-decompyle3-cpython-38-cpython-38-db7c5002a77c
037-decompyle3-cpython-38-cpython-38-74d96dc3cf62,decompyle3,cpython-38,data/rq3/cpython-3.8/unique_bug_pyc/cpython-38-74d96dc3cf62.pyc,timeout,timeout_after_600s,-15,SIGTERM,Signal termination,SIGTERM,/home/awen/git/PybcSEC/PycLens/data/rq4/replayed_tool_robustness/037-decompyle3-cpython-38-cpython-38-74d96dc3cf62
