unique_bug_id,python_tag,status,signal,stack_source,signature,findings,example,artifact_path
cpython-311-00793480a4f7,cpython-311,crash,"SIGSEGV, Segmentation fault",gdb-rerun,"SIGSEGV, Segmentation fault:PyDict_SetItem|_PyObjectDict_SetItem|_PyObject_GenericSetAttrWithDict|PyObject_GenericSetAttr|PyObject_SetAttr|_PyEval_EvalFrameDefault|_PyEval_EvalFrame|_PyEval_Vector|PyEval_EvalCode|builtin_exec_impl|builtin_exec|cfunction_vectorcall_FASTCALL_KEYWORDS|_PyObject_VectorcallTstate|PyObject_Vectorcall|_PyEval_EvalFrameDefault|_PyEval_EvalFrame",4,"data/rq3/cpython-3.11/fuzz/crashes/SIGSEGV.PC.57f5c8a6a1bd.STACK.18977c2c63.CODE.1.ADDR.1ffffffff.INSTR.addq___$0x1,0x0(%r13).pyc",data/rq3/cpython-3.11/unique_bug_pyc/cpython-311-00793480a4f7.pyc
cpython-311-04608fe5d29c,cpython-311,crash,"SIGABRT, Aborted",gdb-rerun,"SIGABRT, Aborted:pthread_kill|fatal_error_exit|fatal_error|_Py_FatalErrorFunc|_PyEval_EvalFrameDefault|_PyEval_EvalFrame|gen_send_ex2|gen_iternext|_PyEval_EvalFrameDefault|_PyEval_EvalFrame|_PyEval_Vector|PyEval_EvalCode|run_eval_code_obj|run_mod|pyrun_file|_PyRun_SimpleFileObject",1,"data/rq3/cpython-3.11/fuzz/crashes/SIGABRT.PC.7fcae81889fc.STACK.cbc137e9f.CODE.-6.ADDR.0.INSTR.mov____%eax,%r13d.pyc",data/rq3/cpython-3.11/unique_bug_pyc/cpython-311-04608fe5d29c.pyc
cpython-311-04dea2474c2e,cpython-311,crash,"SIGSEGV, Segmentation fault",gdb-rerun,"SIGSEGV, Segmentation fault:Py_XDECREF|tupledealloc|_Py_Dealloc|Py_DECREF|Py_XDECREF|free_keys_object|dictkeys_decref|dict_dealloc|_PyEval_EvalFrameDefault|_PyEval_EvalFrame|_PyEval_Vector|PyEval_EvalCode|builtin_exec_impl|builtin_exec|cfunction_vectorcall_FASTCALL_KEYWORDS|_PyObject_VectorcallTstate",1,"data/rq3/cpython-3.11/fuzz/crashes/SIGSEGV.PC.63b29b60c933.STACK.f3ea7343a.CODE.1.ADDR.1ffffffff.INSTR.mov____0x0(%r13),%r14.pyc",data/rq3/cpython-3.11/unique_bug_pyc/cpython-311-04dea2474c2e.pyc
cpython-311-05297905678a,cpython-311,crash,"SIGSEGV, Segmentation fault",gdb-rerun,"SIGSEGV, Segmentation fault:PyFunction_NewWithQualName|PyFunction_New|_PyEval_EvalFrameDefault|_PyEval_EvalFrame|_PyEval_Vector|PyEval_EvalCode|run_eval_code_obj|run_mod|pyrun_file|_PyRun_SimpleFileObject|_PyRun_AnyFileObject|pymain_run_file_obj|pymain_run_file|pymain_run_python|Py_RunMain|pymain_main",15,"data/rq3/cpython-3.11/fuzz/crashes/SIGSEGV.PC.557c218e8053.STACK.c75e2ad71.CODE.1.ADDR.0.INSTR.addq___$0x1,(%rax).pyc",data/rq3/cpython-3.11/unique_bug_pyc/cpython-311-05297905678a.pyc
cpython-311-05f23e8f2dc0,cpython-311,crash,"SIGSEGV, Segmentation fault",gdb-rerun,"SIGSEGV, Segmentation fault:Py_INCREF|Py_XINCREF|PyException_GetContext|_PyErr_SetObject|_PyErr_SetString|_PyEval_EvalFrameDefault|_PyEval_EvalFrame|_PyEval_Vector|PyEval_EvalCode|builtin_exec_impl|builtin_exec|cfunction_vectorcall_FASTCALL_KEYWORDS|_PyObject_VectorcallTstate|PyObject_Vectorcall|_PyEval_EvalFrameDefault|_PyEval_EvalFrame",1,"data/rq3/cpython-3.11/fuzz/crashes/SIGSEGV.PC.60480e24059a.STACK.1b73265470.CODE.128.ADDR.0.INSTR.addq___$0x1,(%rbx).pyc",data/rq3/cpython-3.11/unique_bug_pyc/cpython-311-05f23e8f2dc0.pyc
cpython-311-0ac6e10ec012,cpython-311,crash,"SIGSEGV, Segmentation fault",gdb-rerun,"SIGSEGV, Segmentation fault:PySet_Add|_PyEval_EvalFrameDefault|_PyEval_EvalFrame|_PyEval_Vector|PyEval_EvalCode|builtin_exec_impl|builtin_exec|cfunction_vectorcall_FASTCALL_KEYWORDS|_PyObject_VectorcallTstate|PyObject_Vectorcall|_PyEval_EvalFrameDefault|_PyEval_EvalFrame|_PyEval_Vector|PyEval_EvalCode|run_eval_code_obj|run_mod",7,"data/rq3/cpython-3.11/fuzz/crashes/SIGSEGV.PC.55ed52a85a43.STACK.1af430bdf9.CODE.1.ADDR.8.INSTR.mov____0x8(%r15),%rax.pyc",data/rq3/cpython-3.11/unique_bug_pyc/cpython-311-0ac6e10ec012.pyc
cpython-311-150c32ac2f32,cpython-311,crash,"SIGSEGV, Segmentation fault",gdb-rerun,"SIGSEGV, Segmentation fault:_PyExc_PrepReraiseStar|_PyEval_EvalFrameDefault|_PyEval_EvalFrame|_PyEval_Vector|PyEval_EvalCode|run_eval_code_obj|run_mod|pyrun_file|_PyRun_SimpleFileObject|_PyRun_AnyFileObject|pymain_run_file_obj|pymain_run_file|pymain_run_python|Py_RunMain|pymain_main|Py_BytesMain",3,"data/rq3/cpython-3.11/fuzz/crashes/SIGSEGV.PC.5b92a65b07d2.STACK.19622af9dd.CODE.1.ADDR.8.INSTR.mov____0x8(%rbx),%rbx.pyc",data/rq3/cpython-3.11/unique_bug_pyc/cpython-311-150c32ac2f32.pyc
cpython-311-180849cc3760,cpython-311,crash,"SIGSEGV, Segmentation fault",gdb-rerun,"SIGSEGV, Segmentation fault:_PyVectorcall_FunctionInline|_PyObject_VectorcallTstate|PyObject_Vectorcall|_PyEval_EvalFrameDefault|_PyEval_EvalFrame|_PyEval_Vector|PyEval_EvalCode|run_eval_code_obj|run_mod|pyrun_file|_PyRun_SimpleFileObject|_PyRun_AnyFileObject|pymain_run_file_obj|pymain_run_file|pymain_run_python|Py_RunMain",3,"data/rq3/cpython-3.11/fuzz/crashes/SIGSEGV.PC.59456ab41865.STACK.1ac3eacd5e.CODE.128.ADDR.0.INSTR.mov____0xa8(%r13),%r12.pyc",data/rq3/cpython-3.11/unique_bug_pyc/cpython-311-180849cc3760.pyc
cpython-311-19426cff68b5,cpython-311,crash,"SIGSEGV, Segmentation fault",gdb-rerun,"SIGSEGV, Segmentation fault:_PyVectorcall_FunctionInline|_PyObject_VectorcallTstate|PyObject_Vectorcall|_PyEval_EvalFrameDefault|_PyEval_EvalFrame|_PyEval_Vector|PyEval_EvalCode|builtin_exec_impl|builtin_exec|cfunction_vectorcall_FASTCALL_KEYWORDS|_PyObject_VectorcallTstate|PyObject_Vectorcall|_PyEval_EvalFrameDefault|_PyEval_EvalFrame|_PyEval_Vector|PyEval_EvalCode",8,"data/rq3/cpython-3.11/fuzz/crashes/SIGSEGV.PC.58b0d1a1e738.STACK.1808ad81b0.CODE.1.ADDR.200000007.INSTR.mov____0x8(%rbx),%rax.pyc",data/rq3/cpython-3.11/unique_bug_pyc/cpython-311-19426cff68b5.pyc
cpython-311-1b3452bdbcde,cpython-311,crash,"SIGSEGV, Segmentation fault",gdb-rerun,"SIGSEGV, Segmentation fault:PyObject_Repr|_PyEval_EvalFrameDefault|_PyEval_EvalFrame|_PyEval_Vector|PyEval_EvalCode|builtin_exec_impl|builtin_exec|cfunction_vectorcall_FASTCALL_KEYWORDS|_PyObject_VectorcallTstate|PyObject_Vectorcall|_PyEval_EvalFrameDefault|_PyEval_EvalFrame|_PyEval_Vector|PyEval_EvalCode|run_eval_code_obj|run_mod",11,"data/rq3/cpython-3.11/fuzz/crashes/SIGSEGV.PC.56a26b5ccefb.STACK.1a4bd25a63.CODE.1.ADDR.200000007.INSTR.mov____0x8(%r15),%rbx.pyc",data/rq3/cpython-3.11/unique_bug_pyc/cpython-311-1b3452bdbcde.pyc
cpython-311-1c620987a67d,cpython-311,crash,"SIGSEGV, Segmentation fault",gdb-rerun,"SIGSEGV, Segmentation fault:_PyExc_PrepReraiseStar|_PyEval_EvalFrameDefault|_PyEval_EvalFrame|_PyEval_Vector|PyEval_EvalCode|builtin_exec_impl|builtin_exec|cfunction_vectorcall_FASTCALL_KEYWORDS|_PyObject_VectorcallTstate|PyObject_Vectorcall|_PyEval_EvalFrameDefault|_PyEval_EvalFrame|_PyEval_Vector|PyEval_EvalCode|run_eval_code_obj|run_mod",4,"data/rq3/cpython-3.11/fuzz/crashes/SIGSEGV.PC.5a7df710e7b4.STACK.d996ec6c0.CODE.1.ADDR.20000000f.INSTR.mov____0x10(%r13),%r12.pyc",data/rq3/cpython-3.11/unique_bug_pyc/cpython-311-1c620987a67d.pyc
cpython-311-1cf745f3ddfb,cpython-311,crash,"SIGABRT, Aborted",gdb-rerun,"SIGABRT, Aborted:pthread_kill|fatal_error_exit|fatal_error|_Py_FatalErrorFunc|_PyEval_EvalFrameDefault|_PyEval_EvalFrame|gen_send_ex2|PyGen_am_send|PyIter_Send|_PyEval_EvalFrameDefault|_PyEval_EvalFrame|gen_send_ex2|gen_iternext|builtin_next|cfunction_vectorcall_FASTCALL|_PyObject_VectorcallTstate",1,"data/rq3/cpython-3.11/fuzz/crashes/SIGABRT.PC.702c7cf3e9fc.STACK.cbc038cbb.CODE.-6.ADDR.0.INSTR.mov____%eax,%r13d.pyc",data/rq3/cpython-3.11/unique_bug_pyc/cpython-311-1cf745f3ddfb.pyc
cpython-311-201b75984cf2,cpython-311,crash,"SIGSEGV, Segmentation fault",gdb-rerun,"SIGSEGV, Segmentation fault:PyObject_Hash|tuplehash|PyObject_Hash|tuplehash|PyObject_Hash|_PyDict_LoadGlobal|_PyEval_EvalFrameDefault|_PyEval_EvalFrame|_PyEval_Vector|PyEval_EvalCode|run_eval_code_obj|run_mod|pyrun_file|_PyRun_SimpleFileObject|_PyRun_AnyFileObject|pymain_run_file_obj",1,"data/rq3/cpython-3.11/fuzz/crashes/SIGSEGV.PC.56f6965849ea.STACK.c3e006746.CODE.1.ADDR.8.INSTR.mov____0x8(%r14),%r15.pyc",data/rq3/cpython-3.11/unique_bug_pyc/cpython-311-201b75984cf2.pyc
cpython-311-20f318ca057b,cpython-311,crash,"SIGSEGV, Segmentation fault",gdb-rerun,"SIGSEGV, Segmentation fault:PyObject_GetIter|_PyEval_EvalFrameDefault|_PyEval_EvalFrame|_PyEval_Vector|PyEval_EvalCode|builtin_exec_impl|builtin_exec|cfunction_vectorcall_FASTCALL_KEYWORDS|_PyObject_VectorcallTstate|PyObject_Vectorcall|_PyEval_EvalFrameDefault|_PyEval_EvalFrame|_PyEval_Vector|PyEval_EvalCode|run_eval_code_obj|run_mod",3,"data/rq3/cpython-3.11/fuzz/crashes/SIGSEGV.PC.59621cce1ddb.STACK.dc2011a9c.CODE.1.ADDR.200000007.INSTR.mov____0x8(%r14),%r15.pyc",data/rq3/cpython-3.11/unique_bug_pyc/cpython-311-20f318ca057b.pyc
cpython-311-2350c53c731c,cpython-311,crash,"SIGSEGV, Segmentation fault",gdb-rerun,"SIGSEGV, Segmentation fault:Py_XDECREF|tupledealloc|_PyEval_EvalFrameDefault|_PyEval_EvalFrame|_PyEval_Vector|PyEval_EvalCode|run_eval_code_obj|run_mod|pyrun_file|_PyRun_SimpleFileObject|_PyRun_AnyFileObject|pymain_run_file_obj|pymain_run_file|pymain_run_python|Py_RunMain|pymain_main",6,"data/rq3/cpython-3.11/fuzz/crashes/SIGSEGV.PC.581029f65933.STACK.18b245354f.CODE.1.ADDR.ffffffff.INSTR.mov____0x0(%r13),%r14.pyc",data/rq3/cpython-3.11/unique_bug_pyc/cpython-311-2350c53c731c.pyc
cpython-311-27abee334929,cpython-311,crash,"SIGSEGV, Segmentation fault",gdb-rerun,"SIGSEGV, Segmentation fault:binary_op1|binary_op|PyNumber_Subtract|_PyEval_EvalFrameDefault|_PyEval_EvalFrame|_PyEval_Vector|PyEval_EvalCode|builtin_exec_impl|builtin_exec|cfunction_vectorcall_FASTCALL_KEYWORDS|_PyObject_VectorcallTstate|PyObject_Vectorcall|_PyEval_EvalFrameDefault|_PyEval_EvalFrame|_PyEval_Vector|PyEval_EvalCode",17,"data/rq3/cpython-3.11/fuzz/crashes/SIGSEGV.PC.55fa44ffd79c.STACK.180b7094a3.CODE.1.ADDR.26b06da0bc6.INSTR.cmpq___$0x0,0x60(%r15).pyc",data/rq3/cpython-3.11/unique_bug_pyc/cpython-311-27abee334929.pyc
cpython-311-27eb285f1285,cpython-311,crash,"SIGSEGV, Segmentation fault",gdb-rerun,"SIGSEGV, Segmentation fault:PyObject_IsTrue|_PyEval_EvalFrameDefault|_PyEval_EvalFrame|_PyEval_Vector|PyEval_EvalCode|run_eval_code_obj|run_mod|pyrun_file|_PyRun_SimpleFileObject|_PyRun_AnyFileObject|pymain_run_file_obj|pymain_run_file|pymain_run_python|Py_RunMain|pymain_main|Py_BytesMain",25,"data/rq3/cpython-3.11/fuzz/crashes/SIGSEGV.PC.58fad4f52536.STACK.1839476423.CODE.1.ADDR.10.INSTR.mov____0x10(%r15),%r14.pyc",data/rq3/cpython-3.11/unique_bug_pyc/cpython-311-27eb285f1285.pyc
cpython-311-2892d05adfc4,cpython-311,crash,"SIGSEGV, Segmentation fault",gdb-rerun,"SIGSEGV, Segmentation fault:binary_op1|PyNumber_Add|_PyEval_EvalFrameDefault|_PyEval_EvalFrame|_PyEval_Vector|builtin___build_class__|cfunction_vectorcall_FASTCALL_KEYWORDS|_PyObject_VectorcallTstate|PyObject_Vectorcall|_PyEval_EvalFrameDefault|_PyEval_EvalFrame|_PyEval_Vector|PyEval_EvalCode|run_eval_code_obj|run_mod|pyrun_file",1,"data/rq3/cpython-3.11/fuzz/crashes/SIGSEGV.PC.568f58f73fb6.STACK.19d1f59b59.CODE.128.ADDR.0.INSTR.cmpq___$0x0,0x60(%rbx).pyc",data/rq3/cpython-3.11/unique_bug_pyc/cpython-311-2892d05adfc4.pyc
cpython-311-2a17edfc4954,cpython-311,crash,"SIGSEGV, Segmentation fault",gdb-rerun,"SIGSEGV, Segmentation fault:visit_decref|tupletraverse|subtract_refs|deduce_unreachable|gc_collect_main|gc_collect_with_callback|gc_collect_generations|_PyObject_GC_Link|gc_alloc|_PyObject_GC_NewVar|tuple_alloc|_PyTuple_FromArray|_PyObject_MakeTpCall|type_vectorcall|_PyObject_VectorcallTstate|_PyObject_CallFunctionVa",1,"data/rq3/cpython-3.11/fuzz/crashes/SIGSEGV.PC.625f05d9031b.STACK.1a483a9378.CODE.1.ADDR.100000007.INSTR.mov____0x8(%r14),%r15.pyc",data/rq3/cpython-3.11/unique_bug_pyc/cpython-311-2a17edfc4954.pyc
cpython-311-2a1e022b8f5b,cpython-311,crash,"SIGSEGV, Segmentation fault",gdb-rerun,"SIGSEGV, Segmentation fault:??|??|malloc|_PyMem_RawMalloc|PyMem_Malloc|_buffered_init|_io_BufferedReader___init___impl|_io_BufferedReader___init__|type_call|_PyObject_MakeTpCall|_PyObject_VectorcallTstate|_PyObject_CallFunctionVa|_PyObject_CallFunction_SizeT|_io_open_impl|_io_open|cfunction_vectorcall_FASTCALL_KEYWORDS",2,"data/rq3/cpython-3.11/fuzz/crashes/SIGABRT.PC.7168534c29fc.STACK.1b771acffd.CODE.-6.ADDR.0.INSTR.mov____%eax,%r13d.pyc",data/rq3/cpython-3.11/unique_bug_pyc/cpython-311-2a1e022b8f5b.pyc
cpython-311-2bde86f7f959,cpython-311,crash,"SIGSEGV, Segmentation fault",gdb-rerun,"SIGSEGV, Segmentation fault:list_extend|_PyList_Extend|_PyEval_EvalFrameDefault|_PyEval_EvalFrame|_PyEval_Vector|PyEval_EvalCode|run_eval_code_obj|run_mod|pyrun_file|_PyRun_SimpleFileObject|_PyRun_AnyFileObject|pymain_run_file_obj|pymain_run_file|pymain_run_python|Py_RunMain|pymain_main",3,"data/rq3/cpython-3.11/fuzz/crashes/SIGSEGV.PC.5d41a3608164.STACK.cb639c0cf.CODE.1.ADDR.8.INSTR.mov____0x8(%rbx),%rax.pyc",data/rq3/cpython-3.11/unique_bug_pyc/cpython-311-2bde86f7f959.pyc
cpython-311-2de9f8a450f8,cpython-311,crash,"SIGSEGV, Segmentation fault",gdb-rerun,"SIGSEGV, Segmentation fault:PyObject_SetAttr|_PyEval_EvalFrameDefault|_PyEval_EvalFrame|_PyEval_Vector|PyEval_EvalCode|run_eval_code_obj|run_mod|pyrun_file|_PyRun_SimpleFileObject|_PyRun_AnyFileObject|pymain_run_file_obj|pymain_run_file|pymain_run_python|Py_RunMain|pymain_main|Py_BytesMain",36,"data/rq3/cpython-3.11/fuzz/crashes/SIGSEGV.PC.56445fffd59c.STACK.18bf5c6743.CODE.1.ADDR.8.INSTR.mov____0x8(%rbx),%rax.pyc",data/rq3/cpython-3.11/unique_bug_pyc/cpython-311-2de9f8a450f8.pyc
cpython-311-2e423e9e1359,cpython-311,crash,"SIGSEGV, Segmentation fault",gdb-rerun,"SIGSEGV, Segmentation fault:PyIter_Send|_PyEval_EvalFrameDefault|_PyEval_EvalFrame|_PyEval_Vector|PyEval_EvalCode|run_eval_code_obj|run_mod|pyrun_file|_PyRun_SimpleFileObject|_PyRun_AnyFileObject|pymain_run_file_obj|pymain_run_file|pymain_run_python|Py_RunMain|pymain_main|Py_BytesMain",6,"data/rq3/cpython-3.11/fuzz/crashes/SIGSEGV.PC.57cbcfc0cbd7.STACK.187e9a66e7.CODE.1.ADDR.8.INSTR.mov____0x8(%r13),%r12.pyc",data/rq3/cpython-3.11/unique_bug_pyc/cpython-311-2e423e9e1359.pyc
cpython-311-2f5aa1bc4e0c,cpython-311,crash,"SIGSEGV, Segmentation fault",gdb-rerun,"SIGSEGV, Segmentation fault:PyObject_Repr|unicode_fromformat_arg|PyUnicode_FromFormatV|_PyErr_FormatV|_PyErr_Format|_PyEval_EvalFrameDefault|_PyEval_EvalFrame|_PyEval_Vector|_PyFunction_Vectorcall|_PyObject_VectorcallTstate|vectorcall_unbound|vectorcall_method|slot_tp_setattro|PyObject_SetAttr|_PyEval_EvalFrameDefault|_PyEval_EvalFrame",1,"data/rq3/cpython-3.11/fuzz/crashes/SIGSEGV.PC.55b575d02efb.STACK.c2584365e.CODE.128.ADDR.0.INSTR.mov____0x8(%r15),%rbx.pyc",data/rq3/cpython-3.11/unique_bug_pyc/cpython-311-2f5aa1bc4e0c.pyc
cpython-311-3041ae97dcb2,cpython-311,crash,"SIGSEGV, Segmentation fault",gdb-rerun,"SIGSEGV, Segmentation fault:PySequence_Contains|_PyEval_EvalFrameDefault|_PyEval_EvalFrame|_PyEval_Vector|PyEval_EvalCode|builtin_exec_impl|builtin_exec|cfunction_vectorcall_FASTCALL_KEYWORDS|_PyObject_VectorcallTstate|PyObject_Vectorcall|_PyEval_EvalFrameDefault|_PyEval_EvalFrame|_PyEval_Vector|PyEval_EvalCode|run_eval_code_obj|run_mod",2,"data/rq3/cpython-3.11/fuzz/crashes/SIGSEGV.PC.5b56cd421062.STACK.1955fe5403.CODE.1.ADDR.200000007.INSTR.mov____0x8(%r15),%r14.pyc",data/rq3/cpython-3.11/unique_bug_pyc/cpython-311-3041ae97dcb2.pyc
cpython-311-3264726321f9,cpython-311,crash,"SIGSEGV, Segmentation fault",gdb-rerun,"SIGSEGV, Segmentation fault:PyNumber_Negative|_PyEval_EvalFrameDefault|_PyEval_EvalFrame|_PyEval_Vector|PyEval_EvalCode|builtin_exec_impl|builtin_exec|cfunction_vectorcall_FASTCALL_KEYWORDS|_PyObject_VectorcallTstate|PyObject_Vectorcall|_PyEval_EvalFrameDefault|_PyEval_EvalFrame|_PyEval_Vector|PyEval_EvalCode|run_eval_code_obj|run_mod",1,"data/rq3/cpython-3.11/fuzz/crashes/SIGSEGV.PC.5eabfb2cec0f.STACK.1948a111ce.CODE.1.ADDR.200000007.INSTR.mov____0x8(%rbx),%r15.pyc",data/rq3/cpython-3.11/unique_bug_pyc/cpython-311-3264726321f9.pyc
cpython-311-36b3d4d99e62,cpython-311,crash,"SIGSEGV, Segmentation fault",gdb-rerun,"SIGSEGV, Segmentation fault:_PyTraceBack_FromFrame|PyTraceBack_Here|_PyEval_EvalFrameDefault|_PyEval_EvalFrame|_PyEval_Vector|PyEval_EvalCode|builtin_exec_impl|builtin_exec|cfunction_vectorcall_FASTCALL_KEYWORDS|_PyObject_VectorcallTstate|PyObject_Vectorcall|_PyEval_EvalFrameDefault|_PyEval_EvalFrame|_PyEval_Vector|PyEval_EvalCode|run_eval_code_obj",1,"data/rq3/cpython-3.11/fuzz/crashes/SIGSEGV.PC.62b52fc1ca7a.STACK.190ae30c1f.CODE.1.ADDR.38.INSTR.mov____0x38(%rax),%ebx.pyc",data/rq3/cpython-3.11/unique_bug_pyc/cpython-311-36b3d4d99e62.pyc
cpython-311-391d5ea40c55,cpython-311,crash,"SIGSEGV, Segmentation fault",gdb-rerun,"SIGSEGV, Segmentation fault:PyObject_Repr|unicode_fromformat_arg|PyUnicode_FromFormatV|_PyErr_FormatV|_PyErr_Format|_PyEval_EvalFrameDefault|_PyEval_EvalFrame|_PyEval_Vector|PyEval_EvalCode|run_eval_code_obj|run_mod|pyrun_file|_PyRun_SimpleFileObject|_PyRun_AnyFileObject|pymain_run_file_obj|pymain_run_file",23,"data/rq3/cpython-3.11/fuzz/crashes/SIGSEGV.PC.56167848eefb.STACK.e16824515.CODE.128.ADDR.0.INSTR.mov____0x8(%r15),%rbx.pyc",data/rq3/cpython-3.11/unique_bug_pyc/cpython-311-391d5ea40c55.pyc
cpython-311-39a562d100eb,cpython-311,crash,"SIGSEGV, Segmentation fault",gdb-rerun,"SIGSEGV, Segmentation fault:_PyObject_IS_GC|visit_decref|dict_traverse|subtract_refs|deduce_unreachable|gc_collect_main|gc_collect_with_callback|PyGC_Collect|Py_FinalizeEx|Py_RunMain|pymain_main|Py_BytesMain|main",5,"data/rq3/cpython-3.11/fuzz/crashes/SIGSEGV.PC.5b59554a631f.STACK.e1b61ae42.CODE.1.ADDR.a7.INSTR.mov____0xa8(%r15),%r12.pyc",data/rq3/cpython-3.11/unique_bug_pyc/cpython-311-39a562d100eb.pyc
cpython-311-3addb7f7df89,cpython-311,crash,"SIGSEGV, Segmentation fault",gdb-rerun,"SIGSEGV, Segmentation fault:PyType_IsSubtype|do_richcompare|PyObject_RichCompare|_PyEval_EvalFrameDefault|_PyEval_EvalFrame|_PyEval_Vector|PyEval_EvalCode|builtin_exec_impl|builtin_exec|cfunction_vectorcall_FASTCALL_KEYWORDS|_PyObject_VectorcallTstate|PyObject_Vectorcall|_PyEval_EvalFrameDefault|_PyEval_EvalFrame|_PyEval_Vector|PyEval_EvalCode",15,"data/rq3/cpython-3.11/fuzz/crashes/SIGSEGV.PC.55dd9f528610.STACK.199495cc83.CODE.1.ADDR.a60065015a.INSTR.mov____0x158(%rbx),%r13.pyc",data/rq3/cpython-3.11/unique_bug_pyc/cpython-311-3addb7f7df89.pyc
cpython-311-3d91baaa2a9f,cpython-311,crash,"SIGSEGV, Segmentation fault",gdb-rerun,"SIGSEGV, Segmentation fault:_PyDict_FromItems|_PyEval_EvalFrameDefault|_PyEval_EvalFrame|_PyEval_Vector|builtin___build_class__|cfunction_vectorcall_FASTCALL_KEYWORDS|_PyObject_VectorcallTstate|PyObject_Vectorcall|_PyEval_EvalFrameDefault|_PyEval_EvalFrame|_PyEval_Vector|PyEval_EvalCode|run_eval_code_obj|run_mod|pyrun_file|_PyRun_SimpleFileObject",1,"data/rq3/cpython-3.11/fuzz/crashes/SIGSEGV.PC.640d7708a0f4.STACK.1b2f714199.CODE.1.ADDR.8.INSTR.mov____0x8(%rax),%rax.pyc",data/rq3/cpython-3.11/unique_bug_pyc/cpython-311-3d91baaa2a9f.pyc
cpython-311-3dea9da3226b,cpython-311,crash,"SIGSEGV, Segmentation fault",gdb-rerun,"SIGSEGV, Segmentation fault:PyObject_GetIter|_PyEval_EvalFrameDefault|_PyEval_EvalFrame|_PyEval_Vector|PyEval_EvalCode|run_eval_code_obj|run_mod|pyrun_file|_PyRun_SimpleFileObject|_PyRun_AnyFileObject|pymain_run_file_obj|pymain_run_file|pymain_run_python|Py_RunMain|pymain_main|Py_BytesMain",3,"data/rq3/cpython-3.11/fuzz/crashes/SIGSEGV.PC.56cff6b22ddb.STACK.1939452581.CODE.1.ADDR.8.INSTR.mov____0x8(%r14),%r15.pyc",data/rq3/cpython-3.11/unique_bug_pyc/cpython-311-3dea9da3226b.pyc
cpython-311-3e8527f976f6,cpython-311,crash,"SIGABRT, Aborted",gdb-rerun,"SIGABRT, Aborted:pthread_kill|??|??|??|??|free|_PyMem_RawFree|PyObject_Free|PyDict_Clear|_PyUnicode_ClearInterned|finalize_interp_types|finalize_interp_clear|Py_FinalizeEx|Py_RunMain|pymain_main|Py_BytesMain",2,"data/rq3/cpython-3.11/fuzz/crashes/SIGABRT.PC.7596d4bb69fc.STACK.f49661632.CODE.-6.ADDR.0.INSTR.mov____%eax,%r13d.pyc",data/rq3/cpython-3.11/unique_bug_pyc/cpython-311-3e8527f976f6.pyc
cpython-311-3fd06f3e7374,cpython-311,crash,"SIGSEGV, Segmentation fault",gdb-rerun,"SIGSEGV, Segmentation fault:PyLong_AsLongAndOverflow|_PyLong_AsInt|import_name|_PyEval_EvalFrameDefault|_PyEval_EvalFrame|_PyEval_Vector|PyEval_EvalCode|builtin_exec_impl|builtin_exec|cfunction_vectorcall_FASTCALL_KEYWORDS|_PyObject_VectorcallTstate|PyObject_Vectorcall|_PyEval_EvalFrameDefault|_PyEval_EvalFrame|_PyEval_Vector|PyEval_EvalCode",3,"data/rq3/cpython-3.11/fuzz/crashes/SIGSEGV.PC.580210f16b3a.STACK.1af420268e.CODE.1.ADDR.26b020c.INSTR.mov____0xa8(%rax),%rbx.pyc",data/rq3/cpython-3.11/unique_bug_pyc/cpython-311-3fd06f3e7374.pyc
cpython-311-3fd7c2097893,cpython-311,crash,"SIGSEGV, Segmentation fault",gdb-rerun,"SIGSEGV, Segmentation fault:Py_INCREF|Py_XINCREF|PyException_GetContext|_PyErr_SetObject|_PyErr_FormatV|_PyErr_Format|format_exc_check_arg|_PyEval_EvalFrameDefault|_PyEval_EvalFrame|_PyEval_Vector|PyEval_EvalCode|builtin_exec_impl|builtin_exec|cfunction_vectorcall_FASTCALL_KEYWORDS|_PyObject_VectorcallTstate|PyObject_Vectorcall",2,"data/rq3/cpython-3.11/fuzz/crashes/SIGSEGV.PC.5c8a37df859a.STACK.f7e1f6e84.CODE.2.ADDR.5c8a37e579c0.INSTR.addq___$0x1,(%rbx).pyc",data/rq3/cpython-3.11/unique_bug_pyc/cpython-311-3fd7c2097893.pyc
cpython-311-4104352150cc,cpython-311,crash,"SIGABRT, Aborted",gdb-rerun,"SIGABRT, Aborted:pthread_kill|??|??|realloc|_PyMem_RawRealloc|PyMem_Realloc|list_resize|list_extend|_PyList_Extend|_PyEval_EvalFrameDefault|_PyEval_EvalFrame|_PyEval_Vector|PyEval_EvalCode|run_eval_code_obj|run_mod|pyrun_file",1,"data/rq3/cpython-3.11/fuzz/crashes/SIGABRT.PC.7de0d94009fc.STACK.efa49e33f.CODE.-6.ADDR.0.INSTR.mov____%eax,%r13d.pyc",data/rq3/cpython-3.11/unique_bug_pyc/cpython-311-4104352150cc.pyc
cpython-311-42ca23aebbae,cpython-311,crash,"SIGSEGV, Segmentation fault",gdb-rerun,"SIGSEGV, Segmentation fault:PySlice_New|_PyEval_EvalFrameDefault|_PyEval_EvalFrame|_PyEval_Vector|PyEval_EvalCode|builtin_exec_impl|builtin_exec|cfunction_vectorcall_FASTCALL_KEYWORDS|_PyObject_VectorcallTstate|PyObject_Vectorcall|_PyEval_EvalFrameDefault|_PyEval_EvalFrame|_PyEval_Vector|PyEval_EvalCode|run_eval_code_obj|run_mod",12,"data/rq3/cpython-3.11/fuzz/crashes/SIGSEGV.PC.55a0de07ee18.STACK.19098a2836.CODE.1.ADDR.1ffffffff.INSTR.addq___$0x1,(%r15).pyc",data/rq3/cpython-3.11/unique_bug_pyc/cpython-311-42ca23aebbae.pyc
cpython-311-4825097c6720,cpython-311,crash,"SIGSEGV, Segmentation fault",gdb-rerun,"SIGSEGV, Segmentation fault:Py_INCREF|Py_XINCREF|PyException_GetContext|_PyErr_SetObject|_PyErr_SetString|_PyEval_EvalFrameDefault|_PyEval_EvalFrame|_PyEval_Vector|PyEval_EvalCode|run_eval_code_obj|run_mod|pyrun_file|_PyRun_SimpleFileObject|_PyRun_AnyFileObject|pymain_run_file_obj|pymain_run_file",2,"data/rq3/cpython-3.11/fuzz/crashes/SIGSEGV.PC.5bdf039a259a.STACK.c70abd15e.CODE.2.ADDR.5bdf03a83860.INSTR.addq___$0x1,(%rbx).pyc",data/rq3/cpython-3.11/unique_bug_pyc/cpython-311-4825097c6720.pyc
cpython-311-492ff1fe49e3,cpython-311,crash,"SIGSEGV, Segmentation fault",gdb-rerun,"SIGSEGV, Segmentation fault:visit_decref|func_traverse|subtract_refs|deduce_unreachable|gc_collect_main|gc_collect_with_callback|PyGC_Collect|Py_FinalizeEx|Py_RunMain|pymain_main|Py_BytesMain|main",68,"data/rq3/cpython-3.11/fuzz/crashes/SIGSEGV.PC.55861dc2931b.STACK.e1a76e1fc.CODE.1.ADDR.200000007.INSTR.mov____0x8(%r14),%r15.pyc",data/rq3/cpython-3.11/unique_bug_pyc/cpython-311-492ff1fe49e3.pyc
cpython-311-4f167c8f9636,cpython-311,crash,"SIGSEGV, Segmentation fault",gdb-rerun,"SIGSEGV, Segmentation fault:_PyObject_GetMethod|match_keys|_PyEval_EvalFrameDefault|_PyEval_EvalFrame|gen_send_ex2|PyGen_am_send|PyIter_Send|_PyEval_EvalFrameDefault|_PyEval_EvalFrame|gen_send_ex2|gen_send_ex|gen_send|method_vectorcall_O|_PyObject_VectorcallTstate|PyObject_Vectorcall|_PyEval_EvalFrameDefault",1,"data/rq3/cpython-3.11/fuzz/crashes/SIGSEGV.PC.5a681c779777.STACK.e88ab82f3.CODE.1.ADDR.10200000007.INSTR.mov____0x8(%rbx),%r14.pyc",data/rq3/cpython-3.11/unique_bug_pyc/cpython-311-4f167c8f9636.pyc
cpython-311-50ceb940552a,cpython-311,crash,"SIGSEGV, Segmentation fault",gdb-rerun,"SIGSEGV, Segmentation fault:gc_list_remove|PyObject_GC_Del|maybe_freelist_clear|_PyTuple_ClearFreeList|clear_freelists|gc_collect_main|gc_collect_with_callback|PyGC_Collect|Py_FinalizeEx|Py_RunMain|pymain_main|Py_BytesMain|main",6,"data/rq3/cpython-3.11/fuzz/crashes/SIGSEGV.PC.56b07e929671.STACK.f1ed9f651.CODE.128.ADDR.0.INSTR.mov____%rax,(%rcx).pyc",data/rq3/cpython-3.11/unique_bug_pyc/cpython-311-50ceb940552a.pyc
cpython-311-50eef3c67ce7,cpython-311,crash,"SIGSEGV, Segmentation fault",gdb-rerun,"SIGSEGV, Segmentation fault:_PyObject_GC_UNTRACK|PyObject_GC_UnTrack|subtype_dealloc|_Py_Dealloc|Py_DECREF|tupleiter_next|list_extend|list___init___impl|list_vectorcall|_PyObject_VectorcallTstate|PyObject_Vectorcall|_PyEval_EvalFrameDefault|_PyEval_EvalFrame|_PyEval_Vector|PyEval_EvalCode|run_eval_code_obj",1,"data/rq3/cpython-3.11/fuzz/crashes/SIGSEGV.PC.6205b8b2bb81.STACK.189664d3eb.CODE.128.ADDR.0.INSTR.mov____%rax,(%rcx).pyc",data/rq3/cpython-3.11/unique_bug_pyc/cpython-311-50eef3c67ce7.pyc
cpython-311-51b2310537d9,cpython-311,crash,"SIGSEGV, Segmentation fault",gdb-rerun,"SIGSEGV, Segmentation fault:??|PyObject_Repr|unicode_fromformat_arg|PyUnicode_FromFormatV|_PyErr_FormatV|_PyErr_Format|_PyEval_EvalFrameDefault|_PyEval_EvalFrame|_PyEval_Vector|PyEval_EvalCode|run_eval_code_obj|run_mod|pyrun_file|_PyRun_SimpleFileObject|_PyRun_AnyFileObject|pymain_run_file_obj",2,"data/rq3/cpython-3.11/fuzz/crashes/SIGSEGV.PC.56b1edca1efb.STACK.ed5ccc8a9.CODE.1.ADDR.e.INSTR.mov____0x8(%r15),%rbx.pyc",data/rq3/cpython-3.11/unique_bug_pyc/cpython-311-51b2310537d9.pyc
cpython-311-5746eeb92335,cpython-311,crash,"SIGSEGV, Segmentation fault",gdb-rerun,"SIGSEGV, Segmentation fault:_Py_DumpExtensionModules|fatal_error|_Py_FatalErrorFunc|_PyEval_EvalFrameDefault|_PyEval_EvalFrame|_PyEval_Vector|PyEval_EvalCode|run_eval_code_obj|run_mod|pyrun_file|_PyRun_SimpleFileObject|_PyRun_AnyFileObject|pymain_run_file_obj|pymain_run_file|pymain_run_python|Py_RunMain",1,"data/rq3/cpython-3.11/fuzz/crashes/SIGSEGV.PC.5f9ff89b1cac.STACK.cb2351cdf.CODE.128.ADDR.0.INSTR.mov____0x8(%r15,%r13,1),%rax.pyc",data/rq3/cpython-3.11/unique_bug_pyc/cpython-311-5746eeb92335.pyc
cpython-311-5759b93de53b,cpython-311,crash,"SIGSEGV, Segmentation fault",gdb-rerun,"SIGSEGV, Segmentation fault:_PyTuple_FromArray|_PyObject_MakeTpCall|type_vectorcall|_PyObject_VectorcallTstate|PyObject_Vectorcall|_PyEval_EvalFrameDefault|_PyEval_EvalFrame|_PyEval_Vector|PyEval_EvalCode|run_eval_code_obj|run_mod|pyrun_file|_PyRun_SimpleFileObject|_PyRun_AnyFileObject|pymain_run_file_obj|pymain_run_file",1,"data/rq3/cpython-3.11/fuzz/crashes/SIGSEGV.PC.60075f867000.STACK.d31690013.CODE.1.ADDR.0.INSTR.addq___$0x1,(%r14).pyc",data/rq3/cpython-3.11/unique_bug_pyc/cpython-311-5759b93de53b.pyc
cpython-311-5821f496f911,cpython-311,crash,"SIGSEGV, Segmentation fault",gdb-rerun,"SIGSEGV, Segmentation fault:list_extend|_PyList_Extend|_PyEval_EvalFrameDefault|_PyEval_EvalFrame|_PyEval_Vector|PyEval_EvalCode|builtin_exec_impl|builtin_exec|cfunction_vectorcall_FASTCALL_KEYWORDS|_PyObject_VectorcallTstate|PyObject_Vectorcall|_PyEval_EvalFrameDefault|_PyEval_EvalFrame|_PyEval_Vector|PyEval_EvalCode|run_eval_code_obj",1,"data/rq3/cpython-3.11/fuzz/crashes/SIGSEGV.PC.5644567fe164.STACK.c80772ca8.CODE.1.ADDR.200000007.INSTR.mov____0x8(%rbx),%rax.pyc",data/rq3/cpython-3.11/unique_bug_pyc/cpython-311-5821f496f911.pyc
cpython-311-59f5f21e80ec,cpython-311,crash,"SIGSEGV, Segmentation fault",gdb-rerun,"SIGSEGV, Segmentation fault:_PyObject_LookupSpecial|_PyEval_EvalFrameDefault|_PyEval_EvalFrame|_PyEval_Vector|PyEval_EvalCode|builtin_exec_impl|builtin_exec|cfunction_vectorcall_FASTCALL_KEYWORDS|_PyObject_VectorcallTstate|PyObject_Vectorcall|_PyEval_EvalFrameDefault|_PyEval_EvalFrame|_PyEval_Vector|PyEval_EvalCode|run_eval_code_obj|run_mod",1,"data/rq3/cpython-3.11/fuzz/crashes/SIGSEGV.PC.562f1d64359c.STACK.1849f30d3d.CODE.1.ADDR.200000007.INSTR.mov____0x8(%rbx),%rax.pyc",data/rq3/cpython-3.11/unique_bug_pyc/cpython-311-59f5f21e80ec.pyc
cpython-311-5a5088aea356,cpython-311,crash,"SIGSEGV, Segmentation fault",gdb-rerun,"SIGSEGV, Segmentation fault:Py_INCREF|Py_XINCREF|PyException_GetContext|_PyErr_SetObject|_PyErr_FormatV|PyErr_Format|_PyObject_GenericGetAttrWithDict|PyObject_GenericGetAttr|PyObject_GetAttr|_PyModuleSpec_IsInitializing|import_ensure_initialized|PyImport_ImportModuleLevelObject|PyImport_ImportModuleLevel|PyImport_Import|PyImport_ImportModule|display_source_line_with_margin",4,"data/rq3/cpython-3.11/fuzz/crashes/SIGSEGV.PC.57198312459a.STACK.e9e0127e3.CODE.1.ADDR.1.INSTR.addq___$0x1,(%rbx).pyc",data/rq3/cpython-3.11/unique_bug_pyc/cpython-311-5a5088aea356.pyc
cpython-311-5bdaa1635e51,cpython-311,crash,"SIGSEGV, Segmentation fault",gdb-rerun,"SIGSEGV, Segmentation fault:_Py_Specialize_Precall|_PyEval_EvalFrameDefault|_PyEval_EvalFrame|_PyEval_Vector|PyEval_EvalCode|builtin_exec_impl|builtin_exec|cfunction_vectorcall_FASTCALL_KEYWORDS|_PyObject_VectorcallTstate|PyObject_Vectorcall|_PyEval_EvalFrameDefault|_PyEval_EvalFrame|_PyEval_Vector|PyEval_EvalCode|run_eval_code_obj|run_mod",1,"data/rq3/cpython-3.11/fuzz/crashes/SIGSEGV.PC.57aad6b6692f.STACK.dc72ae39e.CODE.1.ADDR.26b020c.INSTR.mov____0xa8(%rbx),%r15.pyc",data/rq3/cpython-3.11/unique_bug_pyc/cpython-311-5bdaa1635e51.pyc
cpython-311-5e17ee64a60a,cpython-311,crash,"SIGSEGV, Segmentation fault",gdb-rerun,"SIGSEGV, Segmentation fault:PyObject_GetIter|unpack_iterable|_PyEval_EvalFrameDefault|_PyEval_EvalFrame|_PyEval_Vector|PyEval_EvalCode|builtin_exec_impl|builtin_exec|cfunction_vectorcall_FASTCALL_KEYWORDS|_PyObject_VectorcallTstate|PyObject_Vectorcall|_PyEval_EvalFrameDefault|_PyEval_EvalFrame|_PyEval_Vector|PyEval_EvalCode|run_eval_code_obj",6,"data/rq3/cpython-3.11/fuzz/crashes/SIGSEGV.PC.612569ed6ddb.STACK.1a08ec1160.CODE.1.ADDR.200000007.INSTR.mov____0x8(%r14),%r15.pyc",data/rq3/cpython-3.11/unique_bug_pyc/cpython-311-5e17ee64a60a.pyc
cpython-311-5ec7fc596442,cpython-311,crash,"SIGSEGV, Segmentation fault",gdb-rerun,"SIGSEGV, Segmentation fault:_Py_DumpExtensionModules|fatal_error|_Py_FatalErrorFunc|_PyEval_EvalFrameDefault|_PyEval_EvalFrame|_PyEval_Vector|PyEval_EvalCode|builtin_exec_impl|builtin_exec|cfunction_vectorcall_FASTCALL_KEYWORDS|_PyObject_VectorcallTstate|PyObject_Vectorcall|_PyEval_EvalFrameDefault|_PyEval_EvalFrame|_PyEval_Vector|PyEval_EvalCode",1,"data/rq3/cpython-3.11/fuzz/crashes/SIGSEGV.PC.61f494c42cac.STACK.1870cfb795.CODE.128.ADDR.0.INSTR.mov____0x8(%r15,%r13,1),%rax.pyc",data/rq3/cpython-3.11/unique_bug_pyc/cpython-311-5ec7fc596442.pyc
cpython-311-63207017d9b7,cpython-311,crash,"SIGSEGV, Segmentation fault",gdb-rerun,"SIGSEGV, Segmentation fault:_PyDict_FromItems|_PyEval_EvalFrameDefault|_PyEval_EvalFrame|_PyEval_Vector|PyEval_EvalCode|builtin_exec_impl|builtin_exec|cfunction_vectorcall_FASTCALL_KEYWORDS|_PyObject_VectorcallTstate|PyObject_Vectorcall|_PyEval_EvalFrameDefault|_PyEval_EvalFrame|_PyEval_Vector|PyEval_EvalCode|run_eval_code_obj|run_mod",21,"data/rq3/cpython-3.11/fuzz/crashes/SIGSEGV.PC.56322e54416c.STACK.1af5f44e63.CODE.1.ADDR.8.INSTR.cmp____%r14,0x8(%rax).pyc",data/rq3/cpython-3.11/unique_bug_pyc/cpython-311-63207017d9b7.pyc
cpython-311-67e7fa191402,cpython-311,crash,"SIGSEGV, Segmentation fault",gdb-rerun,"SIGSEGV, Segmentation fault:??|_PyObject_IS_GC|visit_decref|func_traverse|subtract_refs|deduce_unreachable|gc_collect_main|gc_collect_with_callback|gc_collect_generations|_PyObject_GC_Link|gc_alloc|_PyObject_GC_NewVar|tuple_alloc|_PyTuple_FromArray|_PyObject_MakeTpCall|type_vectorcall",3,"data/rq3/cpython-3.11/fuzz/crashes/SIGSEGV.PC.5e66f213b31b.STACK.1bcfb68838.CODE.1.ADDR.200000007.INSTR.mov____0x8(%r14),%r15.pyc",data/rq3/cpython-3.11/unique_bug_pyc/cpython-311-67e7fa191402.pyc
cpython-311-697fc254bc06,cpython-311,crash,"SIGSEGV, Segmentation fault",gdb-rerun,"SIGSEGV, Segmentation fault:_PyTuple_FromArray|_PyObject_MakeTpCall|_PyObject_VectorcallTstate|PyObject_Vectorcall|_PyEval_EvalFrameDefault|_PyEval_EvalFrame|_PyEval_Vector|PyEval_EvalCode|run_eval_code_obj|run_mod|pyrun_file|_PyRun_SimpleFileObject|_PyRun_AnyFileObject|pymain_run_file_obj|pymain_run_file|pymain_run_python",11,"data/rq3/cpython-3.11/fuzz/crashes/SIGSEGV.PC.565503e3a000.STACK.cf6651a51.CODE.1.ADDR.0.INSTR.addq___$0x1,(%r14).pyc",data/rq3/cpython-3.11/unique_bug_pyc/cpython-311-697fc254bc06.pyc
cpython-311-6b1627b229bf,cpython-311,crash,"SIGSEGV, Segmentation fault",gdb-rerun,"SIGSEGV, Segmentation fault:visit_decref|func_traverse|subtract_refs|deduce_unreachable|gc_collect_main|gc_collect_with_callback|gc_collect_generations|_PyObject_GC_Link|gc_alloc|_PyObject_GC_New|PyList_New|ste_new|symtable_enter_block|symtable_visit_expr|_PySymtable_Build|_PyAST_Compile",1,"data/rq3/cpython-3.11/fuzz/crashes/SIGSEGV.PC.6183b87c531b.STACK.1b4288cf59.CODE.1.ADDR.200000007.INSTR.mov____0x8(%r14),%r15.pyc",data/rq3/cpython-3.11/unique_bug_pyc/cpython-311-6b1627b229bf.pyc
cpython-311-6cca9dce7108,cpython-311,crash,"SIGSEGV, Segmentation fault",gdb-rerun,"SIGSEGV, Segmentation fault:_PyEval_EvalFrameDefault|_PyEval_EvalFrame|_PyEval_Vector|builtin___build_class__|cfunction_vectorcall_FASTCALL_KEYWORDS|_PyObject_VectorcallTstate|PyObject_Vectorcall|_PyEval_EvalFrameDefault|_PyEval_EvalFrame|_PyEval_Vector|PyEval_EvalCode|run_eval_code_obj|run_mod|pyrun_file|_PyRun_SimpleFileObject|_PyRun_AnyFileObject",8,"data/rq3/cpython-3.11/fuzz/crashes/SIGSEGV.PC.5753453bed3d.STACK.c9dc635d5.CODE.128.ADDR.0.INSTR.addq___$0x1,(%rax).pyc",data/rq3/cpython-3.11/unique_bug_pyc/cpython-311-6cca9dce7108.pyc
cpython-311-6cedcfc58d9d,cpython-311,crash,"SIGSEGV, Segmentation fault",gdb-rerun,"SIGSEGV, Segmentation fault:_PyObject_GetMethod|_PyEval_EvalFrameDefault|_PyEval_EvalFrame|_PyEval_Vector|PyEval_EvalCode|builtin_exec_impl|builtin_exec|cfunction_vectorcall_FASTCALL_KEYWORDS|_PyObject_VectorcallTstate|PyObject_Vectorcall|_PyEval_EvalFrameDefault|_PyEval_EvalFrame|_PyEval_Vector|PyEval_EvalCode|run_eval_code_obj|run_mod",194,"data/rq3/cpython-3.11/fuzz/crashes/SIGSEGV.PC.6258ae210777.STACK.c086bf138.CODE.1.ADDR.200000007.INSTR.mov____0x8(%rbx),%r14.pyc",data/rq3/cpython-3.11/unique_bug_pyc/cpython-311-6cedcfc58d9d.pyc
cpython-311-6d4ced3ba815,cpython-311,crash,"SIGSEGV, Segmentation fault",gdb-rerun,"SIGSEGV, Segmentation fault:_PyEval_EvalFrameDefault|_PyEval_EvalFrame|_PyEval_Vector|_PyFunction_Vectorcall|_PyObject_VectorcallTstate|PyObject_CallOneArg|call_unbound_noarg|mro_invoke|mro_internal|type_ready_mro|type_ready|PyType_Ready|type_new_impl|type_new|type_call|_PyObject_MakeTpCall",1,"data/rq3/cpython-3.11/fuzz/crashes/SIGSEGV.PC.59e6452ee67c.STACK.ebe1e13be.CODE.1.ADDR.0.INSTR.mov____0x0(%r13),%rbx.pyc",data/rq3/cpython-3.11/unique_bug_pyc/cpython-311-6d4ced3ba815.pyc
cpython-311-6fa6691cd327,cpython-311,crash,"SIGSEGV, Segmentation fault",gdb-rerun,"SIGSEGV, Segmentation fault:Py_INCREF|Py_XINCREF|PyException_GetContext|_PyErr_SetObject|_PyErr_SetString|PyErr_SetString|long_divrem|l_divmod|long_div|binary_op1|binary_op|PyNumber_FloorDivide|_PyEval_EvalFrameDefault|_PyEval_EvalFrame|_PyEval_Vector|PyEval_EvalCode",1,"data/rq3/cpython-3.11/fuzz/crashes/SIGSEGV.PC.634d80c7459a.STACK.cf0000b21.CODE.1.ADDR.1.INSTR.addq___$0x1,(%rbx).pyc",data/rq3/cpython-3.11/unique_bug_pyc/cpython-311-6fa6691cd327.pyc
cpython-311-6ffbf440bc0e,cpython-311,crash,"SIGABRT, Aborted",gdb-rerun,"SIGABRT, Aborted:pthread_kill|fatal_error_exit|fatal_error|_Py_FatalErrorFunc|_PyEval_EvalFrameDefault|_PyEval_EvalFrame|gen_send_ex2|gen_send_ex|gen_send|method_vectorcall_O|_PyObject_VectorcallTstate|PyObject_Vectorcall|_PyEval_EvalFrameDefault|_PyEval_EvalFrame|_PyEval_Vector|PyEval_EvalCode",4,"data/rq3/cpython-3.11/fuzz/crashes/SIGABRT.PC.76c1342bf9fc.STACK.1976ffaedb.CODE.-6.ADDR.0.INSTR.mov____%eax,%r13d.pyc",data/rq3/cpython-3.11/unique_bug_pyc/cpython-311-6ffbf440bc0e.pyc
cpython-311-7030ba6b9636,cpython-311,crash,"SIGSEGV, Segmentation fault",gdb-rerun,"SIGSEGV, Segmentation fault:visit_decref|tupletraverse|subtract_refs|deduce_unreachable|gc_collect_main|gc_collect_with_callback|PyGC_Collect|Py_FinalizeEx|Py_RunMain|pymain_main|Py_BytesMain|main",12,"data/rq3/cpython-3.11/fuzz/crashes/SIGABRT.PC.76d1b2ffe9fc.STACK.f5756f699.CODE.-6.ADDR.0.INSTR.mov____%eax,%r13d.pyc",data/rq3/cpython-3.11/unique_bug_pyc/cpython-311-7030ba6b9636.pyc
cpython-311-71d66c0dd918,cpython-311,crash,"SIGSEGV, Segmentation fault",gdb-rerun,"SIGSEGV, Segmentation fault:Py_XDECREF|tupledealloc|_Py_Dealloc|Py_DECREF|Py_XDECREF|tupledealloc|_PyEval_EvalFrameDefault|_PyEval_EvalFrame|_PyEval_Vector|PyEval_EvalCode|builtin_exec_impl|builtin_exec|cfunction_vectorcall_FASTCALL_KEYWORDS|_PyObject_VectorcallTstate|PyObject_Vectorcall|_PyEval_EvalFrameDefault",1,"data/rq3/cpython-3.11/fuzz/crashes/SIGSEGV.PC.5b90a6759933.STACK.19d5a1d470.CODE.1.ADDR.1ffffffff.INSTR.mov____0x0(%r13),%r14.pyc",data/rq3/cpython-3.11/unique_bug_pyc/cpython-311-71d66c0dd918.pyc
cpython-311-720d71dace6f,cpython-311,crash,"SIGSEGV, Segmentation fault",gdb-rerun,"SIGSEGV, Segmentation fault:_PyDict_SetItem_Take2|_PyEval_EvalFrameDefault|_PyEval_EvalFrame|_PyEval_Vector|PyEval_EvalCode|builtin_exec_impl|builtin_exec|cfunction_vectorcall_FASTCALL_KEYWORDS|_PyObject_VectorcallTstate|PyObject_Vectorcall|_PyEval_EvalFrameDefault|_PyEval_EvalFrame|_PyEval_Vector|PyEval_EvalCode|run_eval_code_obj|run_mod",3,"data/rq3/cpython-3.11/fuzz/crashes/SIGSEGV.PC.5617b7f21161.STACK.19cb95f136.CODE.1.ADDR.200000007.INSTR.mov____0x8(%r12),%rax.pyc",data/rq3/cpython-3.11/unique_bug_pyc/cpython-311-720d71dace6f.pyc
cpython-311-72d076ae3d30,cpython-311,crash,"SIGSEGV, Segmentation fault",gdb-rerun,"SIGSEGV, Segmentation fault:_PyObject_LookupAttr|import_from|_PyEval_EvalFrameDefault|_PyEval_EvalFrame|_PyEval_Vector|builtin___build_class__|cfunction_vectorcall_FASTCALL_KEYWORDS|_PyObject_VectorcallTstate|PyObject_Vectorcall|_PyEval_EvalFrameDefault|_PyEval_EvalFrame|_PyEval_Vector|PyEval_EvalCode|run_eval_code_obj|run_mod|pyrun_file",1,"data/rq3/cpython-3.11/fuzz/crashes/SIGSEGV.PC.621d33ccca90.STACK.1996262373.CODE.1.ADDR.9.INSTR.mov____0x8(%r12),%rbx.pyc",data/rq3/cpython-3.11/unique_bug_pyc/cpython-311-72d076ae3d30.pyc
cpython-311-73ce8e00b684,cpython-311,crash,"SIGSEGV, Segmentation fault",gdb-rerun,"SIGSEGV, Segmentation fault:_PyObject_LookupAttr|import_from|_PyEval_EvalFrameDefault|_PyEval_EvalFrame|_PyEval_Vector|PyEval_EvalCode|builtin_exec_impl|builtin_exec|cfunction_vectorcall_FASTCALL_KEYWORDS|_PyObject_VectorcallTstate|PyObject_Vectorcall|_PyEval_EvalFrameDefault|_PyEval_EvalFrame|_PyEval_Vector|PyEval_EvalCode|run_eval_code_obj",10,"data/rq3/cpython-3.11/fuzz/crashes/SIGSEGV.PC.560f33c9ba88.STACK.184ca32c89.CODE.1.ADDR.200000007.INSTR.mov____0x8(%rbx),%r13.pyc",data/rq3/cpython-3.11/unique_bug_pyc/cpython-311-73ce8e00b684.pyc
cpython-311-746ceac13e0e,cpython-311,crash,"SIGSEGV, Segmentation fault",gdb-rerun,"SIGSEGV, Segmentation fault:Py_XDECREF|list_dealloc|_PyEval_EvalFrameDefault|_PyEval_EvalFrame|_PyEval_Vector|PyEval_EvalCode|run_eval_code_obj|run_mod|pyrun_file|_PyRun_SimpleFileObject|_PyRun_AnyFileObject|pymain_run_file_obj|pymain_run_file|pymain_run_python|Py_RunMain|pymain_main",3,"data/rq3/cpython-3.11/fuzz/crashes/SIGSEGV.PC.60cbfcc09625.STACK.1962ca97a8.CODE.1.ADDR.ffffffff.INSTR.mov____(%r12),%r14.pyc",data/rq3/cpython-3.11/unique_bug_pyc/cpython-311-746ceac13e0e.pyc
cpython-311-770410f7c39e,cpython-311,crash,"SIGSEGV, Segmentation fault",gdb-rerun,"SIGSEGV, Segmentation fault:Py_INCREF|Py_XINCREF|PyCell_New|_PyEval_EvalFrameDefault|_PyEval_EvalFrame|_PyEval_Vector|PyEval_EvalCode|run_eval_code_obj|run_mod|pyrun_file|_PyRun_SimpleFileObject|_PyRun_AnyFileObject|pymain_run_file_obj|pymain_run_file|pymain_run_python|Py_RunMain",2,"data/rq3/cpython-3.11/fuzz/crashes/SIGSEGV.PC.5826035e30d0.STACK.19224fd726.CODE.1.ADDR.3.INSTR.addq___$0x1,(%r14).pyc",data/rq3/cpython-3.11/unique_bug_pyc/cpython-311-770410f7c39e.pyc
cpython-311-7750cad7cef0,cpython-311,crash,"SIGSEGV, Segmentation fault",gdb-rerun,"SIGSEGV, Segmentation fault:Py_INCREF|_PyEval_EvalFrameDefault|_PyEval_EvalFrame|_PyEval_Vector|_PyFunction_Vectorcall|_PyObject_VectorcallTstate|vectorcall_unbound|slot_tp_richcompare|object_richcompare|wrap_richcmpfunc|richcmp_ne|wrapperdescr_raw_call|wrapperdescr_call|_PyObject_MakeTpCall|_PyObject_VectorcallTstate|vectorcall_unbound",1,"data/rq3/cpython-3.11/fuzz/crashes/SIGSEGV.PC.646cc2f79996.STACK.e0645d36f.CODE.1.ADDR.1e.INSTR.addq___$0x1,(%rbx).pyc",data/rq3/cpython-3.11/unique_bug_pyc/cpython-311-7750cad7cef0.pyc
cpython-311-7b6ab4e3ddeb,cpython-311,crash,SIGSEGV,honggfuzz-filename,SIGSEGV:e0fb7eb42,1,"data/rq3/cpython-3.11/fuzz/crashes/SIGSEGV.PC.55d633d32cbd.STACK.e0fb7eb42.CODE.128.ADDR.0.INSTR.mov____0x8(%rbx),%rax.pyc",data/rq3/cpython-3.11/unique_bug_pyc/cpython-311-7b6ab4e3ddeb.pyc
cpython-311-7eff7866b6bd,cpython-311,crash,"SIGSEGV, Segmentation fault",gdb-rerun,"SIGSEGV, Segmentation fault:func_clear|func_dealloc|_PyEval_EvalFrameDefault|_PyEval_EvalFrame|_PyEval_Vector|PyEval_EvalCode|builtin_exec_impl|builtin_exec|cfunction_vectorcall_FASTCALL_KEYWORDS|_PyObject_VectorcallTstate|PyObject_Vectorcall|_PyEval_EvalFrameDefault|_PyEval_EvalFrame|_PyEval_Vector|PyEval_EvalCode|run_eval_code_obj",11,"data/rq3/cpython-3.11/fuzz/crashes/SIGSEGV.PC.556cbf45f105.STACK.184ca3556f.CODE.1.ADDR.1ffffffff.INSTR.mov____(%r15),%rbx.pyc",data/rq3/cpython-3.11/unique_bug_pyc/cpython-311-7eff7866b6bd.pyc
cpython-311-83a6d7d42ef7,cpython-311,crash,"SIGSEGV, Segmentation fault",gdb-rerun,"SIGSEGV, Segmentation fault:??|PyObject_Hash|_PyDict_LoadGlobal|_PyEval_EvalFrameDefault|_PyEval_EvalFrame|_PyEval_Vector|PyEval_EvalCode|builtin_exec_impl|builtin_exec|cfunction_vectorcall_FASTCALL_KEYWORDS|_PyObject_VectorcallTstate|PyObject_Vectorcall|_PyEval_EvalFrameDefault|_PyEval_EvalFrame|_PyEval_Vector|PyEval_EvalCode",1,data/rq3/cpython-3.11/fuzz/crashes/SIGSEGV.PC.57cb0be31170.STACK.180c430cda.CODE.2.ADDR.57cb0be31170.INSTR.(bad)__.pyc,data/rq3/cpython-3.11/unique_bug_pyc/cpython-311-83a6d7d42ef7.pyc
cpython-311-8748dd3d40bc,cpython-311,crash,"SIGSEGV, Segmentation fault",gdb-rerun,"SIGSEGV, Segmentation fault:_PyEvalFramePushAndInit|_PyEval_Vector|_PyFunction_Vectorcall|_PyObject_VectorcallTstate|object_vacall|PyObject_CallMethodObjArgs|import_find_and_load|PyImport_ImportModuleLevelObject|import_name|_PyEval_EvalFrameDefault|_PyEval_EvalFrame|_PyEval_Vector|PyEval_EvalCode|run_eval_code_obj|run_mod|pyrun_file",1,"data/rq3/cpython-3.11/fuzz/crashes/SIGSEGV.PC.62fd6c709916.STACK.19f2cdf8f1.CODE.1.ADDR.76b827d9f0e8.INSTR.mov____%r13,(%r12).pyc",data/rq3/cpython-3.11/unique_bug_pyc/cpython-311-8748dd3d40bc.pyc
cpython-311-888432a4eb45,cpython-311,crash,"SIGSEGV, Segmentation fault",gdb-rerun,"SIGSEGV, Segmentation fault:PyDict_DelItem|_PyEval_EvalFrameDefault|_PyEval_EvalFrame|_PyEval_Vector|PyEval_EvalCode|run_eval_code_obj|run_mod|pyrun_file|_PyRun_SimpleFileObject|_PyRun_AnyFileObject|pymain_run_file_obj|pymain_run_file|pymain_run_python|Py_RunMain|pymain_main|Py_BytesMain",9,"data/rq3/cpython-3.11/fuzz/crashes/SIGSEGV.PC.556295f5a654.STACK.dae8a50ef.CODE.128.ADDR.0.INSTR.mov____0x8(%r14),%rax.pyc",data/rq3/cpython-3.11/unique_bug_pyc/cpython-311-888432a4eb45.pyc
cpython-311-8983d39ed62d,cpython-311,crash,SIGABRT,gdb-rerun,SIGABRT:pthread_kill|fatal_error_exit|fatal_error|_Py_FatalErrorFunc|_PyEval_EvalFrameDefault|_PyEval_EvalFrame|_PyEval_Vector|_PyFunction_Vectorcall|_PyVectorcall_Call|_PyObject_Call|PyObject_Call|do_call_core|_PyEval_EvalFrameDefault|_PyEval_EvalFrame|_PyEval_Vector|_PyFunction_Vectorcall,2,"data/rq3/cpython-3.11/fuzz/crashes/SIGABRT.PC.7a80397a59fc.STACK.c7a63d61e.CODE.-6.ADDR.0.INSTR.mov____%eax,%r13d.pyc",data/rq3/cpython-3.11/unique_bug_pyc/cpython-311-8983d39ed62d.pyc
cpython-311-8c3236a47c21,cpython-311,crash,"SIGABRT, Aborted",gdb-rerun,"SIGABRT, Aborted:pthread_kill|fatal_error_exit|fatal_error|_Py_FatalErrorFunc|_PyEval_EvalFrameDefault|_PyEval_EvalFrame|_PyEval_Vector|PyEval_EvalCode|run_eval_code_obj|run_mod|pyrun_file|_PyRun_SimpleFileObject|_PyRun_AnyFileObject|pymain_run_file_obj|pymain_run_file|pymain_run_python",809,"data/rq3/cpython-3.11/fuzz/crashes/SIGABRT.PC.70028b8059fc.STACK.19f3493c07.CODE.-6.ADDR.0.INSTR.mov____%eax,%r13d.pyc",data/rq3/cpython-3.11/unique_bug_pyc/cpython-311-8c3236a47c21.pyc
cpython-311-8c801609b2b1,cpython-311,crash,"SIGSEGV, Segmentation fault",gdb-rerun,"SIGSEGV, Segmentation fault:PySet_Add|_PyEval_EvalFrameDefault|_PyEval_EvalFrame|_PyEval_Vector|PyEval_EvalCode|run_eval_code_obj|run_mod|pyrun_file|_PyRun_SimpleFileObject|_PyRun_AnyFileObject|pymain_run_file_obj|pymain_run_file|pymain_run_python|Py_RunMain|pymain_main|Py_BytesMain",1,"data/rq3/cpython-3.11/fuzz/crashes/SIGSEGV.PC.589c6a7c5a43.STACK.e0f7482e4.CODE.1.ADDR.8.INSTR.mov____0x8(%r15),%rax.pyc",data/rq3/cpython-3.11/unique_bug_pyc/cpython-311-8c801609b2b1.pyc
cpython-311-8cd24f311667,cpython-311,crash,"SIGSEGV, Segmentation fault",gdb-rerun,"SIGSEGV, Segmentation fault:??|_PyEval_EvalFrameDefault|_PyEval_EvalFrame|_PyEval_Vector|PyEval_EvalCode|run_eval_code_obj|run_mod|pyrun_file|_PyRun_SimpleFileObject|_PyRun_AnyFileObject|pymain_run_file_obj|pymain_run_file|pymain_run_python|Py_RunMain|pymain_main|Py_BytesMain",444,data/rq3/cpython-3.11/fuzz/crashes/SIGSEGV.PC.0.STACK.19225e25c8.CODE.1.ADDR.0.INSTR.[NOT_MMAPED].pyc,data/rq3/cpython-3.11/unique_bug_pyc/cpython-311-8cd24f311667.pyc
cpython-311-8cd822f69443,cpython-311,crash,"SIGSEGV, Segmentation fault",gdb-rerun,"SIGSEGV, Segmentation fault:do_richcompare|PyObject_RichCompare|_PyEval_EvalFrameDefault|_PyEval_EvalFrame|_PyEval_Vector|PyEval_EvalCode|builtin_exec_impl|builtin_exec|cfunction_vectorcall_FASTCALL_KEYWORDS|_PyObject_VectorcallTstate|PyObject_Vectorcall|_PyEval_EvalFrameDefault|_PyEval_EvalFrame|_PyEval_Vector|PyEval_EvalCode|run_eval_code_obj",58,"data/rq3/cpython-3.11/fuzz/crashes/SIGSEGV.PC.559dbaa9f53b.STACK.dd90b2364.CODE.1.ADDR.a6006500ca.INSTR.mov____0xc8(%rax),%rbx.pyc",data/rq3/cpython-3.11/unique_bug_pyc/cpython-311-8cd822f69443.pyc
cpython-311-8e1b0f5516d8,cpython-311,crash,"SIGABRT, Aborted",gdb-rerun,"SIGABRT, Aborted:pthread_kill|??|??|??|free|_PyMem_RawFree|PyMem_Free|_PyObject_Call_Prepend|slot_tp_new|type_call|_PyObject_MakeTpCall|_PyObject_VectorcallTstate|PyObject_Vectorcall|_PyEval_EvalFrameDefault|_PyEval_EvalFrame|gen_send_ex2",3,"data/rq3/cpython-3.11/fuzz/crashes/SIGABRT.PC.7a9b4c7029fc.STACK.f78fb5c47.CODE.-6.ADDR.0.INSTR.mov____%eax,%r13d.pyc",data/rq3/cpython-3.11/unique_bug_pyc/cpython-311-8e1b0f5516d8.pyc
cpython-311-9253c1750948,cpython-311,crash,"SIGABRT, Aborted",gdb-rerun,"SIGABRT, Aborted:pthread_kill|fatal_error_exit|fatal_error|_Py_FatalErrorFormat|_Py_FatalRefcountErrorFunc|bool_dealloc|_Py_Dealloc|Py_DECREF|Py_XDECREF|tupledealloc|_Py_Dealloc|Py_DECREF|func_clear|func_dealloc|_Py_Dealloc|Py_DECREF",3,"data/rq3/cpython-3.11/fuzz/crashes/SIGABRT.PC.70f5cf9f89fc.STACK.dfa2f364c.CODE.-6.ADDR.0.INSTR.mov____%eax,%r13d.pyc",data/rq3/cpython-3.11/unique_bug_pyc/cpython-311-9253c1750948.pyc
cpython-311-92d449ea9158,cpython-311,crash,"SIGSEGV, Segmentation fault",gdb-rerun,"SIGSEGV, Segmentation fault:builtin_exec_impl|builtin_exec|cfunction_vectorcall_FASTCALL_KEYWORDS|_PyObject_VectorcallTstate|PyObject_Vectorcall|_PyEval_EvalFrameDefault|_PyEval_EvalFrame|_PyEval_Vector|PyEval_EvalCode|run_eval_code_obj|run_mod|pyrun_file|_PyRun_SimpleFileObject|_PyRun_AnyFileObject|pymain_run_file_obj|pymain_run_file",9,"data/rq3/cpython-3.11/fuzz/crashes/SIGSEGV.PC.56b7e3d03237.STACK.1987567f44.CODE.1.ADDR.1ffffffff.INSTR.mov____(%r14),%rbx.pyc",data/rq3/cpython-3.11/unique_bug_pyc/cpython-311-92d449ea9158.pyc
cpython-311-945645c697c9,cpython-311,crash,"SIGSEGV, Segmentation fault",gdb-rerun,"SIGSEGV, Segmentation fault:_PyTuple_FromArray|_PyObject_MakeTpCall|_PyObject_VectorcallTstate|PyObject_Vectorcall|_PyEval_EvalFrameDefault|_PyEval_EvalFrame|_PyEval_Vector|PyEval_EvalCode|builtin_exec_impl|builtin_exec|cfunction_vectorcall_FASTCALL_KEYWORDS|_PyObject_VectorcallTstate|PyObject_Vectorcall|_PyEval_EvalFrameDefault|_PyEval_EvalFrame|_PyEval_Vector",5,"data/rq3/cpython-3.11/fuzz/crashes/SIGSEGV.PC.56203caed000.STACK.1a372d8fd4.CODE.1.ADDR.0.INSTR.addq___$0x1,(%r14).pyc",data/rq3/cpython-3.11/unique_bug_pyc/cpython-311-945645c697c9.pyc
cpython-311-950fc8a906cd,cpython-311,crash,"SIGSEGV, Segmentation fault",gdb-rerun,"SIGSEGV, Segmentation fault:_PyObject_LookupAttr|import_all_from|_PyEval_EvalFrameDefault|_PyEval_EvalFrame|_PyEval_Vector|PyEval_EvalCode|builtin_exec_impl|builtin_exec|cfunction_vectorcall_FASTCALL_KEYWORDS|_PyObject_VectorcallTstate|PyObject_Vectorcall|_PyEval_EvalFrameDefault|_PyEval_EvalFrame|_PyEval_Vector|PyEval_EvalCode|run_eval_code_obj",5,"data/rq3/cpython-3.11/fuzz/crashes/SIGSEGV.PC.556d2caefa88.STACK.d47527a7e.CODE.1.ADDR.200000007.INSTR.mov____0x8(%rbx),%r13.pyc",data/rq3/cpython-3.11/unique_bug_pyc/cpython-311-950fc8a906cd.pyc
cpython-311-95f998313396,cpython-311,crash,"SIGABRT, Aborted",gdb-rerun,"SIGABRT, Aborted:pthread_kill|??|??|??|??|??|malloc|_PyMem_RawMalloc|PyObject_Malloc|clone_combined_dict_keys|PyDict_Copy|finalize_restore_builtins|finalize_modules|Py_FinalizeEx|Py_RunMain|pymain_main",4,"data/rq3/cpython-3.11/fuzz/crashes/SIGABRT.PC.70ccc901d9fc.STACK.e448dac14.CODE.-6.ADDR.0.INSTR.mov____%eax,%r13d.pyc",data/rq3/cpython-3.11/unique_bug_pyc/cpython-311-95f998313396.pyc
cpython-311-97e15c9a417f,cpython-311,crash,"SIGSEGV, Segmentation fault",gdb-rerun,"SIGSEGV, Segmentation fault:binary_op1|binary_op|PyNumber_Subtract|_PyEval_EvalFrameDefault|_PyEval_EvalFrame|_PyEval_Vector|PyEval_EvalCode|run_eval_code_obj|run_mod|pyrun_file|_PyRun_SimpleFileObject|_PyRun_AnyFileObject|pymain_run_file_obj|pymain_run_file|pymain_run_python|Py_RunMain",4,"data/rq3/cpython-3.11/fuzz/crashes/SIGSEGV.PC.56759ee307cc.STACK.cf034abbe.CODE.1.ADDR.8.INSTR.mov____0x8(%r14),%r14.pyc",data/rq3/cpython-3.11/unique_bug_pyc/cpython-311-97e15c9a417f.pyc
cpython-311-98a39ece8b90,cpython-311,crash,"SIGSEGV, Segmentation fault",gdb-rerun,"SIGSEGV, Segmentation fault:PyDict_SetItem|_PyEval_EvalFrameDefault|_PyEval_EvalFrame|_PyEval_Vector|PyEval_EvalCode|run_eval_code_obj|run_mod|pyrun_file|_PyRun_SimpleFileObject|_PyRun_AnyFileObject|pymain_run_file_obj|pymain_run_file|pymain_run_python|Py_RunMain|pymain_main|Py_BytesMain",14,"data/rq3/cpython-3.11/fuzz/crashes/SIGSEGV.PC.5e178034b564.STACK.197d425171.CODE.1.ADDR.0.INSTR.addq___$0x1,(%r14).pyc",data/rq3/cpython-3.11/unique_bug_pyc/cpython-311-98a39ece8b90.pyc
cpython-311-98ad41f53fdc,cpython-311,crash,"SIGSEGV, Segmentation fault",gdb-rerun,"SIGSEGV, Segmentation fault:_PyCoro_GetAwaitableIter|_PyEval_EvalFrameDefault|_PyEval_EvalFrame|_PyEval_Vector|PyEval_EvalCode|run_eval_code_obj|run_mod|pyrun_file|_PyRun_SimpleFileObject|_PyRun_AnyFileObject|pymain_run_file_obj|pymain_run_file|pymain_run_python|Py_RunMain|pymain_main|Py_BytesMain",4,"data/rq3/cpython-3.11/fuzz/crashes/SIGSEGV.PC.56dfb8e9be4e.STACK.d04b523bb.CODE.1.ADDR.8.INSTR.mov____0x8(%r14),%r13.pyc",data/rq3/cpython-3.11/unique_bug_pyc/cpython-311-98ad41f53fdc.pyc
cpython-311-9adac033984b,cpython-311,crash,"SIGSEGV, Segmentation fault",gdb-rerun,"SIGSEGV, Segmentation fault:_PyDict_FromItems|_PyEval_EvalFrameDefault|_PyEval_EvalFrame|_PyEval_Vector|PyEval_EvalCode|run_eval_code_obj|run_mod|pyrun_file|_PyRun_SimpleFileObject|_PyRun_AnyFileObject|pymain_run_file_obj|pymain_run_file|pymain_run_python|Py_RunMain|pymain_main|Py_BytesMain",26,"data/rq3/cpython-3.11/fuzz/crashes/SIGSEGV.PC.561fd7bd216c.STACK.e0eb0717e.CODE.1.ADDR.8.INSTR.cmp____%r14,0x8(%rax).pyc",data/rq3/cpython-3.11/unique_bug_pyc/cpython-311-9adac033984b.pyc
cpython-311-9ba8e5be4f2f,cpython-311,crash,"SIGSEGV, Segmentation fault",gdb-rerun,"SIGSEGV, Segmentation fault:PyObject_SetAttr|_PyEval_EvalFrameDefault|_PyEval_EvalFrame|gen_send_ex2|gen_send_ex|gen_send|method_vectorcall_O|_PyObject_VectorcallTstate|PyObject_Vectorcall|_PyEval_EvalFrameDefault|_PyEval_EvalFrame|_PyEval_Vector|PyEval_EvalCode|run_eval_code_obj|run_mod|pyrun_file",1,"data/rq3/cpython-3.11/fuzz/crashes/SIGSEGV.PC.5682cb62b5a4.STACK.1b30465584.CODE.1.ADDR.8.INSTR.mov____0x8(%r15),%r13.pyc",data/rq3/cpython-3.11/unique_bug_pyc/cpython-311-9ba8e5be4f2f.pyc
cpython-311-9edf90c27a2c,cpython-311,crash,"SIGSEGV, Segmentation fault",gdb-rerun,"SIGSEGV, Segmentation fault:PyObject_SetAttr|_PyEval_EvalFrameDefault|_PyEval_EvalFrame|gen_send_ex2|gen_send_ex|_gen_throw|gen_throw|method_vectorcall_FASTCALL|_PyObject_VectorcallTstate|PyObject_Vectorcall|_PyEval_EvalFrameDefault|_PyEval_EvalFrame|_PyEval_Vector|PyEval_EvalCode|run_eval_code_obj|run_mod",1,"data/rq3/cpython-3.11/fuzz/crashes/SIGSEGV.PC.614414d265a4.STACK.c5b6ed4ab.CODE.128.ADDR.0.INSTR.mov____0x8(%r15),%r13.pyc",data/rq3/cpython-3.11/unique_bug_pyc/cpython-311-9edf90c27a2c.pyc
cpython-311-9f6a3f78e00c,cpython-311,crash,"SIGSEGV, Segmentation fault",gdb-rerun,"SIGSEGV, Segmentation fault:PyObject_DelItem|_PyEval_EvalFrameDefault|_PyEval_EvalFrame|_PyEval_Vector|PyEval_EvalCode|run_eval_code_obj|run_mod|pyrun_file|_PyRun_SimpleFileObject|_PyRun_AnyFileObject|pymain_run_file_obj|pymain_run_file|pymain_run_python|Py_RunMain|pymain_main|Py_BytesMain",1,"data/rq3/cpython-3.11/fuzz/crashes/SIGSEGV.PC.6286ab592852.STACK.18bfc965f3.CODE.128.ADDR.0.INSTR.mov____0x70(%r13),%rax.pyc",data/rq3/cpython-3.11/unique_bug_pyc/cpython-311-9f6a3f78e00c.pyc
cpython-311-9f970f80d058,cpython-311,crash,"SIGSEGV, Segmentation fault",gdb-rerun,"SIGSEGV, Segmentation fault:PyFunction_NewWithQualName|PyFunction_New|_PyEval_EvalFrameDefault|_PyEval_EvalFrame|_PyEval_Vector|PyEval_EvalCode|builtin_exec_impl|builtin_exec|cfunction_vectorcall_FASTCALL_KEYWORDS|_PyObject_VectorcallTstate|PyObject_Vectorcall|_PyEval_EvalFrameDefault|_PyEval_EvalFrame|_PyEval_Vector|PyEval_EvalCode|run_eval_code_obj",75,"data/rq3/cpython-3.11/fuzz/crashes/SIGSEGV.PC.558258fdb053.STACK.188ea6926c.CODE.2.ADDR.55825907de70.INSTR.addq___$0x1,(%rax).pyc",data/rq3/cpython-3.11/unique_bug_pyc/cpython-311-9f970f80d058.pyc
cpython-311-a0eb21a4490f,cpython-311,crash,"SIGSEGV, Segmentation fault",gdb-rerun,"SIGSEGV, Segmentation fault:PyObject_GetAttr|_PyEval_EvalFrameDefault|_PyEval_EvalFrame|_PyEval_Vector|PyEval_EvalCode|builtin_exec_impl|builtin_exec|cfunction_vectorcall_FASTCALL_KEYWORDS|_PyObject_VectorcallTstate|PyObject_Vectorcall|_PyEval_EvalFrameDefault|_PyEval_EvalFrame|_PyEval_Vector|PyEval_EvalCode|run_eval_code_obj|run_mod",3,"data/rq3/cpython-3.11/fuzz/crashes/SIGSEGV.PC.60af59670d45.STACK.184ca2ea5e.CODE.1.ADDR.200000007.INSTR.mov____0x8(%rbx),%r13.pyc",data/rq3/cpython-3.11/unique_bug_pyc/cpython-311-a0eb21a4490f.pyc
cpython-311-a157b6374421,cpython-311,crash,"SIGSEGV, Segmentation fault",gdb-rerun,"SIGSEGV, Segmentation fault:setiter_iternext|_PyEval_EvalFrameDefault|_PyEval_EvalFrame|_PyEval_Vector|PyEval_EvalCode|run_eval_code_obj|run_mod|pyrun_file|_PyRun_SimpleFileObject|_PyRun_AnyFileObject|pymain_run_file_obj|pymain_run_file|pymain_run_python|Py_RunMain|pymain_main|Py_BytesMain",1,"data/rq3/cpython-3.11/fuzz/crashes/SIGSEGV.PC.63e3bf1e131f.STACK.e5b5de29e.CODE.1.ADDR.ae.INSTR.mov____0xa8(%r15),%r12.pyc",data/rq3/cpython-3.11/unique_bug_pyc/cpython-311-a157b6374421.pyc
cpython-311-a26c375cfa0b,cpython-311,crash,"SIGSEGV, Segmentation fault",gdb-rerun,"SIGSEGV, Segmentation fault:PyNumber_Positive|_PyEval_EvalFrameDefault|_PyEval_EvalFrame|_PyEval_Vector|PyEval_EvalCode|builtin_exec_impl|builtin_exec|cfunction_vectorcall_FASTCALL_KEYWORDS|_PyObject_VectorcallTstate|PyObject_Vectorcall|_PyEval_EvalFrameDefault|_PyEval_EvalFrame|_PyEval_Vector|PyEval_EvalCode|run_eval_code_obj|run_mod",2,"data/rq3/cpython-3.11/fuzz/crashes/SIGSEGV.PC.57aadbd76d0f.STACK.dc2306ff1.CODE.1.ADDR.200000007.INSTR.mov____0x8(%rbx),%r15.pyc",data/rq3/cpython-3.11/unique_bug_pyc/cpython-311-a26c375cfa0b.pyc
cpython-311-a277dbe2949d,cpython-311,crash,"SIGSEGV, Segmentation fault",gdb-rerun,"SIGSEGV, Segmentation fault:PyIter_Send|_PyEval_EvalFrameDefault|_PyEval_EvalFrame|_PyEval_Vector|PyEval_EvalCode|builtin_exec_impl|builtin_exec|cfunction_vectorcall_FASTCALL_KEYWORDS|_PyObject_VectorcallTstate|PyObject_Vectorcall|_PyEval_EvalFrameDefault|_PyEval_EvalFrame|_PyEval_Vector|PyEval_EvalCode|run_eval_code_obj|run_mod",24,"data/rq3/cpython-3.11/fuzz/crashes/SIGSEGV.PC.55a5af2f0bdb.STACK.c85de59fa.CODE.1.ADDR.26b016401b5.INSTR.mov____0x50(%r12),%rax.pyc",data/rq3/cpython-3.11/unique_bug_pyc/cpython-311-a277dbe2949d.pyc
cpython-311-a369e696b533,cpython-311,crash,"SIGSEGV, Segmentation fault",gdb-rerun,"SIGSEGV, Segmentation fault:Py_INCREF|Py_XINCREF|PyException_GetTraceback|_PyEval_EvalFrameDefault|_PyEval_EvalFrame|_PyEval_Vector|PyEval_EvalCode|run_eval_code_obj|run_mod|pyrun_file|_PyRun_SimpleFileObject|_PyRun_AnyFileObject|pymain_run_file_obj|pymain_run_file|pymain_run_python|Py_RunMain",1,"data/rq3/cpython-3.11/fuzz/crashes/SIGSEGV.PC.5f77d5b1f24a.STACK.ecc0979cc.CODE.1.ADDR.41.INSTR.addq___$0x1,(%rbx).pyc",data/rq3/cpython-3.11/unique_bug_pyc/cpython-311-a369e696b533.pyc
cpython-311-a39747ed1941,cpython-311,crash,"SIGSEGV, Segmentation fault",gdb-rerun,"SIGSEGV, Segmentation fault:_PyObject_IS_GC|visit_decref|cell_traverse|subtract_refs|deduce_unreachable|gc_collect_main|gc_collect_with_callback|PyGC_Collect|Py_FinalizeEx|Py_RunMain|pymain_main|Py_BytesMain|main",1,"data/rq3/cpython-3.11/fuzz/crashes/SIGSEGV.PC.5ad43acdb31f.STACK.e5b9848c4.CODE.1.ADDR.a8.INSTR.mov____0xa8(%r15),%r12.pyc",data/rq3/cpython-3.11/unique_bug_pyc/cpython-311-a39747ed1941.pyc
cpython-311-a519f5d2b8e8,cpython-311,crash,"SIGSEGV, Segmentation fault",gdb-rerun,"SIGSEGV, Segmentation fault:_PyObject_IS_GC|visit_decref|func_traverse|subtract_refs|deduce_unreachable|gc_collect_main|gc_collect_with_callback|PyGC_Collect|Py_FinalizeEx|Py_RunMain|pymain_main|Py_BytesMain|main",1,data/rq3/cpython-3.11/fuzz/crashes/SIGSEGV.PC.ffffffffffffffff.STACK.e5bb94ab8.CODE.1.ADDR.ffffffffffffffff.INSTR.[NOT_MMAPED].pyc,data/rq3/cpython-3.11/unique_bug_pyc/cpython-311-a519f5d2b8e8.pyc
cpython-311-a59d1cbdafa5,cpython-311,crash,"SIGSEGV, Segmentation fault",gdb-rerun,"SIGSEGV, Segmentation fault:_Py_Specialize_BinaryOp|_PyEval_EvalFrameDefault|_PyEval_EvalFrame|_PyEval_Vector|PyEval_EvalCode|run_eval_code_obj|run_mod|pyrun_file|_PyRun_SimpleFileObject|_PyRun_AnyFileObject|pymain_run_file_obj|pymain_run_file|pymain_run_python|Py_RunMain|pymain_main|Py_BytesMain",1,"data/rq3/cpython-3.11/fuzz/crashes/SIGSEGV.PC.5a80f583118d.STACK.e0f863fde.CODE.1.ADDR.8.INSTR.mov____0x8(%r12),%rax.pyc",data/rq3/cpython-3.11/unique_bug_pyc/cpython-311-a59d1cbdafa5.pyc
cpython-311-a757bcc1c7ba,cpython-311,crash,"SIGSEGV, Segmentation fault",gdb-rerun,"SIGSEGV, Segmentation fault:PyObject_GetIter|unpack_iterable|_PyEval_EvalFrameDefault|_PyEval_EvalFrame|_PyEval_Vector|PyEval_EvalCode|run_eval_code_obj|run_mod|pyrun_file|_PyRun_SimpleFileObject|_PyRun_AnyFileObject|pymain_run_file_obj|pymain_run_file|pymain_run_python|Py_RunMain|pymain_main",2,"data/rq3/cpython-3.11/fuzz/crashes/SIGSEGV.PC.55b79dc65ddb.STACK.ef3a82e7d.CODE.1.ADDR.8.INSTR.mov____0x8(%r14),%r15.pyc",data/rq3/cpython-3.11/unique_bug_pyc/cpython-311-a757bcc1c7ba.pyc
cpython-311-a8f5bd82a6d2,cpython-311,crash,SIGSEGV,honggfuzz-filename,SIGSEGV:ed3a400e1,3,"data/rq3/cpython-3.11/fuzz/crashes/SIGSEGV.PC.5ae30471f31f.STACK.ed3a400e1.CODE.128.ADDR.0.INSTR.mov____0xa8(%r15),%r12.pyc",data/rq3/cpython-3.11/unique_bug_pyc/cpython-311-a8f5bd82a6d2.pyc
cpython-311-a95758ba00a8,cpython-311,crash,"SIGSEGV, Segmentation fault",gdb-rerun,"SIGSEGV, Segmentation fault:_PyObject_GetMethod|_PyEval_EvalFrameDefault|_PyEval_EvalFrame|_PyEval_Vector|PyEval_EvalCode|run_eval_code_obj|run_mod|pyrun_file|_PyRun_SimpleFileObject|_PyRun_AnyFileObject|pymain_run_file_obj|pymain_run_file|pymain_run_python|Py_RunMain|pymain_main|Py_BytesMain",22,"data/rq3/cpython-3.11/fuzz/crashes/SIGSEGV.PC.5600dff6d77b.STACK.18f32fce25.CODE.128.ADDR.0.INSTR.cmpq___$0x0,0x108(%r14).pyc",data/rq3/cpython-3.11/unique_bug_pyc/cpython-311-a95758ba00a8.pyc
cpython-311-a9ae065d4b70,cpython-311,crash,"SIGSEGV, Segmentation fault",gdb-rerun,"SIGSEGV, Segmentation fault:initialize_locals|_PyEvalFramePushAndInit|_PyEval_Vector|PyEval_EvalCode|builtin_exec_impl|builtin_exec|cfunction_vectorcall_FASTCALL_KEYWORDS|_PyObject_VectorcallTstate|PyObject_Vectorcall|_PyEval_EvalFrameDefault|_PyEval_EvalFrame|_PyEval_Vector|PyEval_EvalCode|run_eval_code_obj|run_mod|pyrun_file",5,"data/rq3/cpython-3.11/fuzz/crashes/SIGBUS.PC.5964f2660e1c.STACK.d86f4c330.CODE.2.ADDR.7372ba893000.INSTR.cmpq___$0x1,0x48(%r12,%r14,8).pyc",data/rq3/cpython-3.11/unique_bug_pyc/cpython-311-a9ae065d4b70.pyc
cpython-311-aa7f787ee8f1,cpython-311,crash,"SIGSEGV, Segmentation fault",gdb-rerun,"SIGSEGV, Segmentation fault:insertdict|_PyDict_SetItem_Take2|_PyEval_EvalFrameDefault|_PyEval_EvalFrame|_PyEval_Vector|PyEval_EvalCode|run_eval_code_obj|run_mod|pyrun_file|_PyRun_SimpleFileObject|_PyRun_AnyFileObject|pymain_run_file_obj|pymain_run_file|pymain_run_python|Py_RunMain|pymain_main",1,"data/rq3/cpython-3.11/fuzz/crashes/SIGSEGV.PC.5c29bcc75bd4.STACK.cf48a3f38.CODE.128.ADDR.0.INSTR.mov____(%rcx,%rax,1),%rbx.pyc",data/rq3/cpython-3.11/unique_bug_pyc/cpython-311-aa7f787ee8f1.pyc
cpython-311-ad41a465db4a,cpython-311,crash,"SIGSEGV, Segmentation fault",gdb-rerun,"SIGSEGV, Segmentation fault:_PyObject_LookupAttr|import_all_from|_PyEval_EvalFrameDefault|_PyEval_EvalFrame|_PyEval_Vector|PyEval_EvalCode|run_eval_code_obj|run_mod|pyrun_file|_PyRun_SimpleFileObject|_PyRun_AnyFileObject|pymain_run_file_obj|pymain_run_file|pymain_run_python|Py_RunMain|pymain_main",1,"data/rq3/cpython-3.11/fuzz/crashes/SIGSEGV.PC.5e396b5e7a88.STACK.19bc164563.CODE.1.ADDR.8.INSTR.mov____0x8(%rbx),%r13.pyc",data/rq3/cpython-3.11/unique_bug_pyc/cpython-311-ad41a465db4a.pyc
cpython-311-ae7674847f4e,cpython-311,crash,"SIGSEGV, Segmentation fault",gdb-rerun,"SIGSEGV, Segmentation fault:PyDict_SetItem|_PyEval_EvalFrameDefault|_PyEval_EvalFrame|_PyEval_Vector|PyEval_EvalCode|builtin_exec_impl|builtin_exec|cfunction_vectorcall_FASTCALL_KEYWORDS|_PyObject_VectorcallTstate|PyObject_Vectorcall|_PyEval_EvalFrameDefault|_PyEval_EvalFrame|_PyEval_Vector|PyEval_EvalCode|run_eval_code_obj|run_mod",26,"data/rq3/cpython-3.11/fuzz/crashes/SIGSEGV.PC.5753f9dc9564.STACK.188e079992.CODE.1.ADDR.1ffffffff.INSTR.addq___$0x1,(%r14).pyc",data/rq3/cpython-3.11/unique_bug_pyc/cpython-311-ae7674847f4e.pyc
cpython-311-b2782d3da8b6,cpython-311,crash,"SIGSEGV, Segmentation fault",gdb-rerun,"SIGSEGV, Segmentation fault:_PyEval_EvalFrameDefault|_PyEval_EvalFrame|gen_send_ex2|gen_iternext|_PyEval_EvalFrameDefault|_PyEval_EvalFrame|_PyEval_Vector|PyEval_EvalCode|run_eval_code_obj|run_mod|pyrun_file|_PyRun_SimpleFileObject|_PyRun_AnyFileObject|pymain_run_file_obj|pymain_run_file|pymain_run_python",1,"data/rq3/cpython-3.11/fuzz/crashes/SIGSEGV.PC.6303a2720996.STACK.fcf475ab6.CODE.128.ADDR.0.INSTR.addq___$0x1,(%rbx).pyc",data/rq3/cpython-3.11/unique_bug_pyc/cpython-311-b2782d3da8b6.pyc
cpython-311-b2f80d08bf72,cpython-311,crash,"SIGSEGV, Segmentation fault",gdb-rerun,"SIGSEGV, Segmentation fault:PyObject_SetItem|_PyEval_EvalFrameDefault|_PyEval_EvalFrame|_PyEval_Vector|PyEval_EvalCode|builtin_exec_impl|builtin_exec|cfunction_vectorcall_FASTCALL_KEYWORDS|_PyObject_VectorcallTstate|PyObject_Vectorcall|_PyEval_EvalFrameDefault|_PyEval_EvalFrame|_PyEval_Vector|PyEval_EvalCode|run_eval_code_obj|run_mod",7,"data/rq3/cpython-3.11/fuzz/crashes/SIGSEGV.PC.585064a68fb6.STACK.19cbc46676.CODE.1.ADDR.200000007.INSTR.mov____0x8(%rbx),%r14.pyc",data/rq3/cpython-3.11/unique_bug_pyc/cpython-311-b2f80d08bf72.pyc
cpython-311-b80c09455b38,cpython-311,crash,"SIGSEGV, Segmentation fault",gdb-rerun,"SIGSEGV, Segmentation fault:tupleiter_next|list_extend|_PyList_Extend|PySequence_List|unpack_iterable|_PyEval_EvalFrameDefault|_PyEval_EvalFrame|_PyEval_Vector|PyEval_EvalCode|run_eval_code_obj|run_mod|pyrun_file|_PyRun_SimpleFileObject|_PyRun_AnyFileObject|pymain_run_file_obj|pymain_run_file",1,"data/rq3/cpython-3.11/fuzz/crashes/SIGSEGV.PC.5de0145487cd.STACK.19b97b4fd9.CODE.1.ADDR.0.INSTR.addq___$0x1,(%rax).pyc",data/rq3/cpython-3.11/unique_bug_pyc/cpython-311-b80c09455b38.pyc
cpython-311-b98162f742d9,cpython-311,crash,"SIGSEGV, Segmentation fault",gdb-rerun,"SIGSEGV, Segmentation fault:_PyCoro_GetAwaitableIter|_PyEval_EvalFrameDefault|_PyEval_EvalFrame|_PyEval_Vector|PyEval_EvalCode|builtin_exec_impl|builtin_exec|cfunction_vectorcall_FASTCALL_KEYWORDS|_PyObject_VectorcallTstate|PyObject_Vectorcall|_PyEval_EvalFrameDefault|_PyEval_EvalFrame|_PyEval_Vector|PyEval_EvalCode|run_eval_code_obj|run_mod",3,"data/rq3/cpython-3.11/fuzz/crashes/SIGSEGV.PC.56fc9c195e4e.STACK.19fff11ca6.CODE.1.ADDR.200000007.INSTR.mov____0x8(%r14),%r13.pyc",data/rq3/cpython-3.11/unique_bug_pyc/cpython-311-b98162f742d9.pyc
cpython-311-bb3af8bee813,cpython-311,crash,"SIGSEGV, Segmentation fault",gdb-rerun,"SIGSEGV, Segmentation fault:dict_merge|_PyDict_MergeEx|_PyEval_EvalFrameDefault|_PyEval_EvalFrame|_PyEval_Vector|PyEval_EvalCode|builtin_exec_impl|builtin_exec|cfunction_vectorcall_FASTCALL_KEYWORDS|_PyObject_VectorcallTstate|PyObject_Vectorcall|_PyEval_EvalFrameDefault|_PyEval_EvalFrame|_PyEval_Vector|PyEval_EvalCode|run_eval_code_obj",1,"data/rq3/cpython-3.11/fuzz/crashes/SIGSEGV.PC.56e5e2c721fc.STACK.194eb0e813.CODE.1.ADDR.200000007.INSTR.mov____0x8(%r15),%rax.pyc",data/rq3/cpython-3.11/unique_bug_pyc/cpython-311-bb3af8bee813.pyc
cpython-311-bb8ef554f4f2,cpython-311,crash,"SIGABRT, Aborted",gdb-rerun,"SIGABRT, Aborted:pthread_kill|fatal_error_exit|fatal_error|_Py_FatalErrorFunc|_PyEval_EvalFrameDefault|_PyEval_EvalFrame|_PyEval_Vector|PyEval_EvalCode|builtin_exec_impl|builtin_exec|cfunction_vectorcall_FASTCALL_KEYWORDS|_PyObject_VectorcallTstate|PyObject_Vectorcall|_PyEval_EvalFrameDefault|_PyEval_EvalFrame|_PyEval_Vector",31,"data/rq3/cpython-3.11/fuzz/crashes/SIGSEGV.PC.5bb047cf9838.STACK.180b5d66cf.CODE.1.ADDR.200000007.INSTR.mov____0x8(%rbx),%r15.pyc",data/rq3/cpython-3.11/unique_bug_pyc/cpython-311-bb8ef554f4f2.pyc
cpython-311-bb92f63abfa4,cpython-311,crash,"SIGABRT, Aborted",gdb-rerun,"SIGABRT, Aborted:pthread_kill|??|??|??|malloc|_PyMem_RawMalloc|PyMem_Malloc|_Py_hashtable_set|w_ref|w_object|w_complex_object|w_object|w_complex_object|w_object|w_complex_object|w_object",1,"data/rq3/cpython-3.11/fuzz/crashes/SIGABRT.PC.7fcc4ce969fc.STACK.18f7fcd5dd.CODE.-6.ADDR.0.INSTR.mov____%eax,%r13d.pyc",data/rq3/cpython-3.11/unique_bug_pyc/cpython-311-bb92f63abfa4.pyc
cpython-311-bea3b9eb1d87,cpython-311,crash,"SIGSEGV, Segmentation fault",gdb-rerun,"SIGSEGV, Segmentation fault:_PyEval_EvalFrameDefault|_PyEval_EvalFrame|gen_send_ex2|gen_iternext|builtin_next|cfunction_vectorcall_FASTCALL|_PyObject_VectorcallTstate|PyObject_Vectorcall|_PyEval_EvalFrameDefault|_PyEval_EvalFrame|_PyEval_Vector|PyEval_EvalCode|run_eval_code_obj|run_mod|pyrun_file|_PyRun_SimpleFileObject",2,"data/rq3/cpython-3.11/fuzz/crashes/SIGSEGV.PC.615b4c15697d.STACK.cd84a88c9.CODE.1.ADDR.3d89.INSTR.mov____0x10(%rax),%rbx.pyc",data/rq3/cpython-3.11/unique_bug_pyc/cpython-311-bea3b9eb1d87.pyc
cpython-311-c06968e4288c,cpython-311,crash,"SIGSEGV, Segmentation fault",gdb-rerun,"SIGSEGV, Segmentation fault:PyList_AsTuple|_PyEval_EvalFrameDefault|_PyEval_EvalFrame|_PyEval_Vector|PyEval_EvalCode|builtin_exec_impl|builtin_exec|cfunction_vectorcall_FASTCALL_KEYWORDS|_PyObject_VectorcallTstate|PyObject_Vectorcall|_PyEval_EvalFrameDefault|_PyEval_EvalFrame|_PyEval_Vector|PyEval_EvalCode|run_eval_code_obj|run_mod",12,"data/rq3/cpython-3.11/fuzz/crashes/SIGSEGV.PC.55cbfac0c4bf.STACK.c442932d2.CODE.1.ADDR.200000007.INSTR.mov____0x8(%r14),%rax.pyc",data/rq3/cpython-3.11/unique_bug_pyc/cpython-311-c06968e4288c.pyc
cpython-311-c0890f534ec4,cpython-311,crash,"SIGSEGV, Segmentation fault",gdb-rerun,"SIGSEGV, Segmentation fault:PyObject_DelItem|_PyEval_EvalFrameDefault|_PyEval_EvalFrame|_PyEval_Vector|PyEval_EvalCode|builtin_exec_impl|builtin_exec|cfunction_vectorcall_FASTCALL_KEYWORDS|_PyObject_VectorcallTstate|PyObject_Vectorcall|_PyEval_EvalFrameDefault|_PyEval_EvalFrame|_PyEval_Vector|PyEval_EvalCode|run_eval_code_obj|run_mod",2,"data/rq3/cpython-3.11/fuzz/crashes/SIGSEGV.PC.5d73407ec852.STACK.c448d5aee.CODE.1.ADDR.200000070.INSTR.mov____0x70(%r13),%rax.pyc",data/rq3/cpython-3.11/unique_bug_pyc/cpython-311-c0890f534ec4.pyc
cpython-311-c1c88e3dce7f,cpython-311,crash,"SIGSEGV, Segmentation fault",gdb-rerun,"SIGSEGV, Segmentation fault:dump_frame|dump_traceback|_Py_DumpTracebackThreads|fatal_error|_Py_FatalErrorFunc|_PyEval_EvalFrameDefault|_PyEval_EvalFrame|_PyEval_Vector|PyEval_EvalCode|builtin_exec_impl|builtin_exec|cfunction_vectorcall_FASTCALL_KEYWORDS|_PyObject_VectorcallTstate|PyObject_Vectorcall|_PyEval_EvalFrameDefault|_PyEval_EvalFrame",1,"data/rq3/cpython-3.11/fuzz/crashes/SIGSEGV.PC.61abbe39d62e.STACK.db3a96f0f.CODE.128.ADDR.0.INSTR.mov____0x8(%rax),%rax.pyc",data/rq3/cpython-3.11/unique_bug_pyc/cpython-311-c1c88e3dce7f.pyc
cpython-311-c35c19a1424f,cpython-311,crash,"SIGSEGV, Segmentation fault",gdb-rerun,"SIGSEGV, Segmentation fault:_Py_Specialize_LoadMethod|_PyEval_EvalFrameDefault|_PyEval_EvalFrame|_PyEval_Vector|PyEval_EvalCode|run_eval_code_obj|run_mod|pyrun_file|_PyRun_SimpleFileObject|_PyRun_AnyFileObject|pymain_run_file_obj|pymain_run_file|pymain_run_python|Py_RunMain|pymain_main|Py_BytesMain",2,"data/rq3/cpython-3.11/fuzz/crashes/SIGSEGV.PC.5cee137b57c7.STACK.c346f6e08.CODE.1.ADDR.8.INSTR.mov____0x8(%rbx),%r15.pyc",data/rq3/cpython-3.11/unique_bug_pyc/cpython-311-c35c19a1424f.pyc
cpython-311-c7e46bf7dec9,cpython-311,crash,"SIGSEGV, Segmentation fault",gdb-rerun,"SIGSEGV, Segmentation fault:initialize_locals|_PyEvalFramePushAndInit|_PyEval_EvalFrameDefault|_PyEval_EvalFrame|_PyEval_Vector|PyEval_EvalCode|run_eval_code_obj|run_mod|pyrun_file|_PyRun_SimpleFileObject|_PyRun_AnyFileObject|pymain_run_file_obj|pymain_run_file|pymain_run_python|Py_RunMain|pymain_main",4,"data/rq3/cpython-3.11/fuzz/crashes/SIGBUS.PC.5f38d37c4e1c.STACK.18f3492cf7.CODE.2.ADDR.725f14274000.INSTR.cmpq___$0x1,0x48(%r12,%r14,8).pyc",data/rq3/cpython-3.11/unique_bug_pyc/cpython-311-c7e46bf7dec9.pyc
cpython-311-c8f0225022e8,cpython-311,crash,"SIGSEGV, Segmentation fault",gdb-rerun,"SIGSEGV, Segmentation fault:Py_XDECREF|tupledealloc|_PyEval_EvalFrameDefault|_PyEval_EvalFrame|_PyEval_Vector|PyEval_EvalCode|builtin_exec_impl|builtin_exec|cfunction_vectorcall_FASTCALL_KEYWORDS|_PyObject_VectorcallTstate|PyObject_Vectorcall|_PyEval_EvalFrameDefault|_PyEval_EvalFrame|_PyEval_Vector|PyEval_EvalCode|run_eval_code_obj",10,"data/rq3/cpython-3.11/fuzz/crashes/SIGSEGV.PC.57402d16d933.STACK.19099a11c5.CODE.1.ADDR.1ffffffff.INSTR.mov____0x0(%r13),%r14.pyc",data/rq3/cpython-3.11/unique_bug_pyc/cpython-311-c8f0225022e8.pyc
cpython-311-cb5782851995,cpython-311,crash,"SIGABRT, Aborted",gdb-rerun,"SIGABRT, Aborted:pthread_kill|??|??|??|??|??|free|_PyMem_RawFree|PyObject_Free|PyDict_Clear|_PyUnicode_ClearInterned|finalize_interp_types|finalize_interp_clear|Py_FinalizeEx|Py_RunMain|pymain_main",1,"data/rq3/cpython-3.11/fuzz/crashes/SIGSEGV.PC.5953f155eb62.STACK.1870693832.CODE.128.ADDR.0.INSTR.mov____0xa8(%rax),%r15.pyc",data/rq3/cpython-3.11/unique_bug_pyc/cpython-311-cb5782851995.pyc
cpython-311-d3e8f4abd503,cpython-311,crash,"SIGSEGV, Segmentation fault",gdb-rerun,"SIGSEGV, Segmentation fault:PySequence_Contains|_PyEval_EvalFrameDefault|_PyEval_EvalFrame|_PyEval_Vector|PyEval_EvalCode|run_eval_code_obj|run_mod|pyrun_file|_PyRun_SimpleFileObject|_PyRun_AnyFileObject|pymain_run_file_obj|pymain_run_file|pymain_run_python|Py_RunMain|pymain_main|Py_BytesMain",4,"data/rq3/cpython-3.11/fuzz/crashes/SIGSEGV.PC.5578ed883062.STACK.daeba6b1e.CODE.1.ADDR.8.INSTR.mov____0x8(%r15),%r14.pyc",data/rq3/cpython-3.11/unique_bug_pyc/cpython-311-d3e8f4abd503.pyc
cpython-311-d60fc3bba62b,cpython-311,crash,"SIGSEGV, Segmentation fault",gdb-rerun,"SIGSEGV, Segmentation fault:PyObject_Hash|tuplehash|PyObject_Hash|tuplehash|PyObject_Hash|tuplehash|PyObject_Hash|tuplehash|PyObject_Hash|tuplehash|PyObject_Hash|tuplehash|PyObject_Hash|tuplehash|PyObject_Hash|tuplehash",1,"data/rq3/cpython-3.11/fuzz/crashes/SIGSEGV.PC.721a65bdd71f.STACK.fdcd8d656.CODE.128.ADDR.0.INSTR.cmp____(%rdi,%rax,1),%rax.pyc",data/rq3/cpython-3.11/unique_bug_pyc/cpython-311-d60fc3bba62b.pyc
cpython-311-d7ef0f86f491,cpython-311,crash,"SIGSEGV, Segmentation fault",gdb-rerun,"SIGSEGV, Segmentation fault:_PyObject_IS_GC|visit_decref|_PyFrame_Traverse|frame_traverse|subtract_refs|deduce_unreachable|gc_collect_main|gc_collect_with_callback|PyGC_Collect|Py_FinalizeEx|Py_RunMain|pymain_main|Py_BytesMain|main",1,"data/rq3/cpython-3.11/fuzz/crashes/SIGSEGV.PC.5f4b7f2b531f.STACK.18edf4fdaf.CODE.128.ADDR.0.INSTR.mov____0xa8(%r15),%r12.pyc",data/rq3/cpython-3.11/unique_bug_pyc/cpython-311-d7ef0f86f491.pyc
cpython-311-d84049333b64,cpython-311,crash,"SIGSEGV, Segmentation fault",gdb-rerun,"SIGSEGV, Segmentation fault:PyObject_IsTrue|_PyEval_EvalFrameDefault|_PyEval_EvalFrame|_PyEval_Vector|PyEval_EvalCode|builtin_exec_impl|builtin_exec|cfunction_vectorcall_FASTCALL_KEYWORDS|_PyObject_VectorcallTstate|PyObject_Vectorcall|_PyEval_EvalFrameDefault|_PyEval_EvalFrame|_PyEval_Vector|PyEval_EvalCode|run_eval_code_obj|run_mod",33,"data/rq3/cpython-3.11/fuzz/crashes/SIGSEGV.PC.590ad5c2d838.STACK.188e674c7e.CODE.1.ADDR.200000007.INSTR.mov____0x8(%rbx),%r15.pyc",data/rq3/cpython-3.11/unique_bug_pyc/cpython-311-d84049333b64.pyc
cpython-311-d906218175c2,cpython-311,crash,"SIGSEGV, Segmentation fault",gdb-rerun,"SIGSEGV, Segmentation fault:_PyDict_SetItem_Take2|_PyEval_EvalFrameDefault|_PyEval_EvalFrame|_PyEval_Vector|PyEval_EvalCode|run_eval_code_obj|run_mod|pyrun_file|_PyRun_SimpleFileObject|_PyRun_AnyFileObject|pymain_run_file_obj|pymain_run_file|pymain_run_python|Py_RunMain|pymain_main|Py_BytesMain",3,"data/rq3/cpython-3.11/fuzz/crashes/SIGSEGV.PC.571bd77d1161.STACK.d30d1ce2b.CODE.1.ADDR.8.INSTR.mov____0x8(%r12),%rax.pyc",data/rq3/cpython-3.11/unique_bug_pyc/cpython-311-d906218175c2.pyc
cpython-311-d998ecef0da5,cpython-311,crash,"SIGSEGV, Segmentation fault",gdb-rerun,"SIGSEGV, Segmentation fault:PyObject_GetAttr|_PyEval_EvalFrameDefault|_PyEval_EvalFrame|_PyEval_Vector|PyEval_EvalCode|run_eval_code_obj|run_mod|pyrun_file|_PyRun_SimpleFileObject|_PyRun_AnyFileObject|pymain_run_file_obj|pymain_run_file|pymain_run_python|Py_RunMain|pymain_main|Py_BytesMain",7,"data/rq3/cpython-3.11/fuzz/crashes/SIGSEGV.PC.55628e19dd49.STACK.cb7e6d543.CODE.128.ADDR.0.INSTR.mov____0x8(%r15),%r12.pyc",data/rq3/cpython-3.11/unique_bug_pyc/cpython-311-d998ecef0da5.pyc
cpython-311-d9b0ec3f5407,cpython-311,crash,"SIGSEGV, Segmentation fault",gdb-rerun,"SIGSEGV, Segmentation fault:_PyEval_EvalFrameDefault|_PyEval_EvalFrame|_PyEval_Vector|_PyFunction_Vectorcall|_PyObject_VectorcallTstate|_PyObject_CallNoArgs|calliter_iternext|_PyEval_EvalFrameDefault|_PyEval_EvalFrame|_PyEval_Vector|PyEval_EvalCode|run_eval_code_obj|run_mod|pyrun_file|_PyRun_SimpleFileObject|_PyRun_AnyFileObject",1,"data/rq3/cpython-3.11/fuzz/crashes/SIGSEGV.PC.5605c32f21e6.STACK.1b003b34e8.CODE.1.ADDR.0.INSTR.mov____0x0(%r13),%rbx.pyc",data/rq3/cpython-3.11/unique_bug_pyc/cpython-311-d9b0ec3f5407.pyc
cpython-311-de13f63d4a69,cpython-311,crash,"SIGSEGV, Segmentation fault",gdb-rerun,"SIGSEGV, Segmentation fault:listiter_next|_PyEval_EvalFrameDefault|_PyEval_EvalFrame|_PyEval_Vector|PyEval_EvalCode|run_eval_code_obj|run_mod|pyrun_file|_PyRun_SimpleFileObject|_PyRun_AnyFileObject|pymain_run_file_obj|pymain_run_file|pymain_run_python|Py_RunMain|pymain_main|Py_BytesMain",1,"data/rq3/cpython-3.11/fuzz/crashes/SIGSEGV.PC.5fd5a965cbb0.STACK.ecdbd3670.CODE.1.ADDR.0.INSTR.addq___$0x1,(%rax).pyc",data/rq3/cpython-3.11/unique_bug_pyc/cpython-311-de13f63d4a69.pyc
cpython-311-de146f7549ab,cpython-311,crash,"SIGSEGV, Segmentation fault",gdb-rerun,"SIGSEGV, Segmentation fault:visit_decref|list_traverse|subtract_refs|deduce_unreachable|gc_collect_main|gc_collect_with_callback|PyGC_Collect|Py_FinalizeEx|Py_RunMain|pymain_main|Py_BytesMain|main",1,"data/rq3/cpython-3.11/fuzz/crashes/SIGABRT.PC.758d039889fc.STACK.ecb513be3.CODE.-6.ADDR.0.INSTR.mov____%eax,%r13d.pyc",data/rq3/cpython-3.11/unique_bug_pyc/cpython-311-de146f7549ab.pyc
cpython-311-e5db341b3864,cpython-311,crash,"SIGSEGV, Segmentation fault",gdb-rerun,"SIGSEGV, Segmentation fault:PyObject_Hash|_PyDict_SetItem_Take2|_PyEval_EvalFrameDefault|_PyEval_EvalFrame|_PyEval_Vector|PyEval_EvalCode|builtin_exec_impl|builtin_exec|cfunction_vectorcall_FASTCALL_KEYWORDS|_PyObject_VectorcallTstate|PyObject_Vectorcall|_PyEval_EvalFrameDefault|_PyEval_EvalFrame|_PyEval_Vector|PyEval_EvalCode|run_eval_code_obj",5,"data/rq3/cpython-3.11/fuzz/crashes/SIGSEGV.PC.5b5b8ec0d9ee.STACK.cc3c6db62.CODE.1.ADDR.26b016401dd.INSTR.mov____0x78(%r15),%rbx.pyc",data/rq3/cpython-3.11/unique_bug_pyc/cpython-311-e5db341b3864.pyc
cpython-311-e6716043d9b1,cpython-311,crash,"SIGSEGV, Segmentation fault",gdb-rerun,"SIGSEGV, Segmentation fault:_PyDict_LoadGlobal|_PyEval_EvalFrameDefault|_PyEval_EvalFrame|_PyEval_Vector|PyEval_EvalCode|run_eval_code_obj|run_mod|pyrun_file|_PyRun_SimpleFileObject|_PyRun_AnyFileObject|pymain_run_file_obj|pymain_run_file|pymain_run_python|Py_RunMain|pymain_main|Py_BytesMain",79,data/rq3/cpython-3.11/fuzz/crashes/SIGSEGV.PC.29.STACK.183a0de0bd.CODE.1.ADDR.29.INSTR.[NOT_MMAPED].pyc,data/rq3/cpython-3.11/unique_bug_pyc/cpython-311-e6716043d9b1.pyc
cpython-311-e763a2c86fa7,cpython-311,crash,"SIGSEGV, Segmentation fault",gdb-rerun,"SIGSEGV, Segmentation fault:visit_decref|func_traverse|subtract_refs|deduce_unreachable|gc_collect_main|gc_collect_with_callback|gc_collect_generations|_PyObject_GC_Link|_PyType_AllocNoTrack|PyType_GenericAlloc|type_new_alloc|type_new_init|type_new_impl|type_new|type_call|_PyObject_MakeTpCall",6,"data/rq3/cpython-3.11/fuzz/crashes/SIGSEGV.PC.5ad81da6531b.STACK.190be21d72.CODE.1.ADDR.200000007.INSTR.mov____0x8(%r14),%r15.pyc",data/rq3/cpython-3.11/unique_bug_pyc/cpython-311-e763a2c86fa7.pyc
cpython-311-e788feba5ef2,cpython-311,crash,"SIGSEGV, Segmentation fault",gdb-rerun,"SIGSEGV, Segmentation fault:_PyUnicode_JoinArray|_PyEval_EvalFrameDefault|_PyEval_EvalFrame|_PyEval_Vector|PyEval_EvalCode|builtin_exec_impl|builtin_exec|cfunction_vectorcall_FASTCALL_KEYWORDS|_PyObject_VectorcallTstate|PyObject_Vectorcall|_PyEval_EvalFrameDefault|_PyEval_EvalFrame|_PyEval_Vector|PyEval_EvalCode|run_eval_code_obj|run_mod",1,"data/rq3/cpython-3.11/fuzz/crashes/SIGSEGV.PC.5ad69f094573.STACK.c85126021.CODE.128.ADDR.0.INSTR.mov____0x8(%r14),%r13.pyc",data/rq3/cpython-3.11/unique_bug_pyc/cpython-311-e788feba5ef2.pyc
cpython-311-e8befefd0ddb,cpython-311,crash,"SIGSEGV, Segmentation fault",gdb-rerun,"SIGSEGV, Segmentation fault:PyDict_SetItem|_PyEval_EvalFrameDefault|_PyEval_EvalFrame|_PyEval_Vector|builtin___build_class__|cfunction_vectorcall_FASTCALL_KEYWORDS|_PyObject_VectorcallTstate|PyObject_Vectorcall|_PyEval_EvalFrameDefault|_PyEval_EvalFrame|_PyEval_Vector|PyEval_EvalCode|run_eval_code_obj|run_mod|pyrun_file|_PyRun_SimpleFileObject",4,"data/rq3/cpython-3.11/fuzz/crashes/SIGSEGV.PC.56435110a55f.STACK.c5c836196.CODE.1.ADDR.a.INSTR.addq___$0x1,(%r12).pyc",data/rq3/cpython-3.11/unique_bug_pyc/cpython-311-e8befefd0ddb.pyc
cpython-311-eb5098221d22,cpython-311,crash,"SIGABRT, Aborted",gdb-rerun,"SIGABRT, Aborted:pthread_kill|??|??|??|??|free|_PyMem_RawFree|PyObject_Free|PyObject_GC_Del|set_dealloc|_Py_Dealloc|Py_DECREF|Py_XDECREF|_PyFrame_Clear|gen_send_ex2|gen_iternext",12,"data/rq3/cpython-3.11/fuzz/crashes/SIGABRT.PC.7038320909fc.STACK.e4b0bb1be.CODE.-6.ADDR.0.INSTR.mov____%eax,%r13d.pyc",data/rq3/cpython-3.11/unique_bug_pyc/cpython-311-eb5098221d22.pyc
cpython-311-ec10e80c74ee,cpython-311,crash,"SIGSEGV, Segmentation fault",gdb-rerun,"SIGSEGV, Segmentation fault:_PyEval_EvalFrameDefault|_PyEval_EvalFrame|gen_send_ex2|gen_iternext|builtin_all|cfunction_vectorcall_O|_PyObject_VectorcallTstate|PyObject_Vectorcall|_PyEval_EvalFrameDefault|_PyEval_EvalFrame|_PyEval_Vector|PyEval_EvalCode|run_eval_code_obj|run_mod|pyrun_file|_PyRun_SimpleFileObject",1,"data/rq3/cpython-3.11/fuzz/crashes/SIGSEGV.PC.59d83c2328fb.STACK.cf3fea1e3.CODE.1.ADDR.8.INSTR.mov____0x8(%r12),%rax.pyc",data/rq3/cpython-3.11/unique_bug_pyc/cpython-311-ec10e80c74ee.pyc
cpython-311-edf710a1cafb,cpython-311,crash,"SIGSEGV, Segmentation fault",gdb-rerun,"SIGSEGV, Segmentation fault:_PyObject_LookupAttr|import_from|_PyEval_EvalFrameDefault|_PyEval_EvalFrame|_PyEval_Vector|PyEval_EvalCode|run_eval_code_obj|run_mod|pyrun_file|_PyRun_SimpleFileObject|_PyRun_AnyFileObject|pymain_run_file_obj|pymain_run_file|pymain_run_python|Py_RunMain|pymain_main",15,"data/rq3/cpython-3.11/fuzz/crashes/SIGSEGV.PC.624c21b6ca88.STACK.19b05b8cde.CODE.128.ADDR.0.INSTR.movzbl_(%r12,%r14,1),%ebx.pyc",data/rq3/cpython-3.11/unique_bug_pyc/cpython-311-edf710a1cafb.pyc
cpython-311-f2a6601a913d,cpython-311,crash,"SIGABRT, Aborted",gdb-rerun,"SIGABRT, Aborted:pthread_kill|??|??|??|free|_PyMem_RawFree|PyObject_Free|object_dealloc|_Py_Dealloc|Py_DECREF|Py_XDECREF|code_dealloc|_Py_Dealloc|Py_DECREF|func_dealloc|_Py_Dealloc",4,"data/rq3/cpython-3.11/fuzz/crashes/SIGABRT.PC.76c772a299fc.STACK.f5756095e.CODE.-6.ADDR.0.INSTR.mov____%eax,%r13d.pyc",data/rq3/cpython-3.11/unique_bug_pyc/cpython-311-f2a6601a913d.pyc
cpython-311-f4ffcfa646c0,cpython-311,crash,"SIGSEGV, Segmentation fault",gdb-rerun,"SIGSEGV, Segmentation fault:_PyAsyncGenValueWrapperNew|_PyEval_EvalFrameDefault|_PyEval_EvalFrame|_PyEval_Vector|PyEval_EvalCode|builtin_exec_impl|builtin_exec|cfunction_vectorcall_FASTCALL_KEYWORDS|_PyObject_VectorcallTstate|PyObject_Vectorcall|_PyEval_EvalFrameDefault|_PyEval_EvalFrame|_PyEval_Vector|PyEval_EvalCode|run_eval_code_obj|run_mod",2,"data/rq3/cpython-3.11/fuzz/crashes/SIGSEGV.PC.58f10b4bb5ea.STACK.19fe018189.CODE.1.ADDR.1ffffffff.INSTR.addq___$0x1,(%r14).pyc",data/rq3/cpython-3.11/unique_bug_pyc/cpython-311-f4ffcfa646c0.pyc
cpython-311-f5b1847d453a,cpython-311,crash,"SIGSEGV, Segmentation fault",gdb-rerun,"SIGSEGV, Segmentation fault:binary_op1|binary_iop1|PyNumber_InPlaceAdd|_PyEval_EvalFrameDefault|_PyEval_EvalFrame|_PyEval_Vector|PyEval_EvalCode|run_eval_code_obj|run_mod|pyrun_file|_PyRun_SimpleFileObject|_PyRun_AnyFileObject|pymain_run_file_obj|pymain_run_file|pymain_run_python|Py_RunMain",1,"data/rq3/cpython-3.11/fuzz/crashes/SIGSEGV.PC.6525a875fa88.STACK.d75f36436.CODE.1.ADDR.3eb7.INSTR.movzbl_(%r12,%r14,1),%ebx.pyc",data/rq3/cpython-3.11/unique_bug_pyc/cpython-311-f5b1847d453a.pyc
cpython-311-f77a5d0f388f,cpython-311,crash,SIGSEGV,honggfuzz-filename,SIGSEGV:18e629a3a7,8,"data/rq3/cpython-3.11/fuzz/crashes/SIGSEGV.PC.5789133f831f.STACK.18e629a3a7.CODE.128.ADDR.0.INSTR.mov____0xa8(%r15),%r12.pyc",data/rq3/cpython-3.11/unique_bug_pyc/cpython-311-f77a5d0f388f.pyc
cpython-311-fe1f9c5aa0ba,cpython-311,crash,SIGSEGV,honggfuzz-filename,SIGSEGV:1932c19c4e,1,"data/rq3/cpython-3.11/fuzz/crashes/SIGSEGV.PC.5ee6ab404dac.STACK.1932c19c4e.CODE.128.ADDR.0.INSTR.mov____0x8(%r14),%r14.pyc",data/rq3/cpython-3.11/unique_bug_pyc/cpython-311-fe1f9c5aa0ba.pyc
